date,symbol,price
2023-12-01,billet_cis_fob,494.0
2023-12-01,billet_gcc_cfr,
2023-12-01,billet_saudi_exworks,
2023-12-01,coke_lvliang_china,308.00000000000006
2023-12-01,coke_rizhao_china,340.20000000000005
2023-12-01,coking_coal_australia,328.9
2023-12-01,iron_ore_62fe,133.53
2023-12-01,rebar_turkey_fob,587.5
2023-12-01,rebar_uae_exworks,
2023-12-01,scrap_hms12_turkey,412.5
2023-12-02,billet_cis_fob,494.0
2023-12-02,billet_gcc_cfr,
2023-12-02,billet_saudi_exworks,
2023-12-02,coke_lvliang_china,308.00000000000006
2023-12-02,coke_rizhao_china,340.20000000000005
2023-12-02,coking_coal_australia,328.9
2023-12-02,iron_ore_62fe,133.53
2023-12-02,rebar_turkey_fob,587.5
2023-12-02,rebar_uae_exworks,
2023-12-02,scrap_hms12_turkey,412.5
2023-12-03,billet_cis_fob,494.0
2023-12-03,billet_gcc_cfr,
2023-12-03,billet_saudi_exworks,
2023-12-03,coke_lvliang_china,308.00000000000006
2023-12-03,coke_rizhao_china,340.20000000000005
2023-12-03,coking_coal_australia,328.9
2023-12-03,iron_ore_62fe,133.53
2023-12-03,rebar_turkey_fob,587.5
2023-12-03,rebar_uae_exworks,
2023-12-03,scrap_hms12_turkey,412.5
2023-12-04,billet_cis_fob,494.0
2023-12-04,billet_gcc_cfr,
2023-12-04,billet_saudi_exworks,
2023-12-04,coke_lvliang_china,308.00000000000006
2023-12-04,coke_rizhao_china,340.20000000000005
2023-12-04,coking_coal_australia,328.9
2023-12-04,iron_ore_62fe,129.47
2023-12-04,rebar_turkey_fob,587.5
2023-12-04,rebar_uae_exworks,
2023-12-04,scrap_hms12_turkey,413.5
2023-12-05,billet_cis_fob,494.0
2023-12-05,billet_gcc_cfr,
2023-12-05,billet_saudi_exworks,
2023-12-05,coke_lvliang_china,308.00000000000006
2023-12-05,coke_rizhao_china,340.20000000000005
2023-12-05,coking_coal_australia,328.9
2023-12-05,iron_ore_62fe,129.73
2023-12-05,rebar_turkey_fob,592.5
2023-12-05,rebar_uae_exworks,
2023-12-05,scrap_hms12_turkey,415.0
2023-12-06,billet_cis_fob,494.0
2023-12-06,billet_gcc_cfr,
2023-12-06,billet_saudi_exworks,
2023-12-06,coke_lvliang_china,308.00000000000006
2023-12-06,coke_rizhao_china,340.20000000000005
2023-12-06,coking_coal_australia,328.9
2023-12-06,iron_ore_62fe,133.64
2023-12-06,rebar_turkey_fob,595.0
2023-12-06,rebar_uae_exworks,
2023-12-06,scrap_hms12_turkey,420.0
2023-12-07,billet_cis_fob,494.0
2023-12-07,billet_gcc_cfr,
2023-12-07,billet_saudi_exworks,
2023-12-07,coke_lvliang_china,308.00000000000006
2023-12-07,coke_rizhao_china,340.20000000000005
2023-12-07,coking_coal_australia,328.9
2023-12-07,iron_ore_62fe,136.2
2023-12-07,rebar_turkey_fob,600.0
2023-12-07,rebar_uae_exworks,
2023-12-07,scrap_hms12_turkey,427.5
2023-12-08,billet_cis_fob,501.5
2023-12-08,billet_gcc_cfr,497.5
2023-12-08,billet_saudi_exworks,540.6666666666666
2023-12-08,coke_lvliang_china,308.00000000000006
2023-12-08,coke_rizhao_china,337.40000000000003
2023-12-08,coking_coal_australia,332.75
2023-12-08,iron_ore_62fe,136.49
2023-12-08,rebar_turkey_fob,605.0
2023-12-08,rebar_uae_exworks,
2023-12-08,scrap_hms12_turkey,428.0
2023-12-09,billet_cis_fob,501.5
2023-12-09,billet_gcc_cfr,497.5
2023-12-09,billet_saudi_exworks,540.6666666666666
2023-12-09,coke_lvliang_china,308.00000000000006
2023-12-09,coke_rizhao_china,337.40000000000003
2023-12-09,coking_coal_australia,332.75
2023-12-09,iron_ore_62fe,136.49
2023-12-09,rebar_turkey_fob,605.0
2023-12-09,rebar_uae_exworks,
2023-12-09,scrap_hms12_turkey,428.0
2023-12-10,billet_cis_fob,501.5
2023-12-10,billet_gcc_cfr,497.5
2023-12-10,billet_saudi_exworks,540.6666666666666
2023-12-10,coke_lvliang_china,308.00000000000006
2023-12-10,coke_rizhao_china,337.40000000000003
2023-12-10,coking_coal_australia,332.75
2023-12-10,iron_ore_62fe,136.49
2023-12-10,rebar_turkey_fob,605.0
2023-12-10,rebar_uae_exworks,
2023-12-10,scrap_hms12_turkey,428.0
2023-12-11,billet_cis_fob,501.5
2023-12-11,billet_gcc_cfr,497.5
2023-12-11,billet_saudi_exworks,540.6666666666666
2023-12-11,coke_lvliang_china,308.00000000000006
2023-12-11,coke_rizhao_china,337.40000000000003
2023-12-11,coking_coal_australia,332.75
2023-12-11,iron_ore_62fe,135.39
2023-12-11,rebar_turkey_fob,607.5
2023-12-11,rebar_uae_exworks,
2023-12-11,scrap_hms12_turkey,428.0
2023-12-12,billet_cis_fob,501.5
2023-12-12,billet_gcc_cfr,497.5
2023-12-12,billet_saudi_exworks,540.6666666666666
2023-12-12,coke_lvliang_china,308.00000000000006
2023-12-12,coke_rizhao_china,337.40000000000003
2023-12-12,coking_coal_australia,332.75
2023-12-12,iron_ore_62fe,137.59
2023-12-12,rebar_turkey_fob,607.5
2023-12-12,rebar_uae_exworks,
2023-12-12,scrap_hms12_turkey,428.0
2023-12-13,billet_cis_fob,501.5
2023-12-13,billet_gcc_cfr,497.5
2023-12-13,billet_saudi_exworks,540.6666666666666
2023-12-13,coke_lvliang_china,308.00000000000006
2023-12-13,coke_rizhao_china,337.40000000000003
2023-12-13,coking_coal_australia,332.75
2023-12-13,iron_ore_62fe,135.87
2023-12-13,rebar_turkey_fob,607.5
2023-12-13,rebar_uae_exworks,
2023-12-13,scrap_hms12_turkey,428.0
2023-12-14,billet_cis_fob,501.5
2023-12-14,billet_gcc_cfr,497.5
2023-12-14,billet_saudi_exworks,540.6666666666666
2023-12-14,coke_lvliang_china,308.00000000000006
2023-12-14,coke_rizhao_china,337.40000000000003
2023-12-14,coking_coal_australia,332.75
2023-12-14,iron_ore_62fe,135.74
2023-12-14,rebar_turkey_fob,607.5
2023-12-14,rebar_uae_exworks,
2023-12-14,scrap_hms12_turkey,428.0
2023-12-15,billet_cis_fob,512.5
2023-12-15,billet_gcc_cfr,512.5
2023-12-15,billet_saudi_exworks,536.0
2023-12-15,coke_lvliang_china,322.00000000000006
2023-12-15,coke_rizhao_china,336.00000000000006
2023-12-15,coking_coal_australia,304.87
2023-12-15,iron_ore_62fe,135.62
2023-12-15,rebar_turkey_fob,607.5
2023-12-15,rebar_uae_exworks,
2023-12-15,scrap_hms12_turkey,428.0
2023-12-16,billet_cis_fob,512.5
2023-12-16,billet_gcc_cfr,512.5
2023-12-16,billet_saudi_exworks,536.0
2023-12-16,coke_lvliang_china,322.00000000000006
2023-12-16,coke_rizhao_china,336.00000000000006
2023-12-16,coking_coal_australia,304.87
2023-12-16,iron_ore_62fe,135.62
2023-12-16,rebar_turkey_fob,607.5
2023-12-16,rebar_uae_exworks,
2023-12-16,scrap_hms12_turkey,428.0
2023-12-17,billet_cis_fob,512.5
2023-12-17,billet_gcc_cfr,512.5
2023-12-17,billet_saudi_exworks,536.0
2023-12-17,coke_lvliang_china,322.00000000000006
2023-12-17,coke_rizhao_china,336.00000000000006
2023-12-17,coking_coal_australia,304.87
2023-12-17,iron_ore_62fe,135.62
2023-12-17,rebar_turkey_fob,607.5
2023-12-17,rebar_uae_exworks,
2023-12-17,scrap_hms12_turkey,428.0
2023-12-18,billet_cis_fob,512.5
2023-12-18,billet_gcc_cfr,512.5
2023-12-18,billet_saudi_exworks,536.0
2023-12-18,coke_lvliang_china,322.00000000000006
2023-12-18,coke_rizhao_china,336.00000000000006
2023-12-18,coking_coal_australia,304.87
2023-12-18,iron_ore_62fe,134.49
2023-12-18,rebar_turkey_fob,607.5
2023-12-18,rebar_uae_exworks,
2023-12-18,scrap_hms12_turkey,428.0
2023-12-19,billet_cis_fob,512.5
2023-12-19,billet_gcc_cfr,512.5
2023-12-19,billet_saudi_exworks,536.0
2023-12-19,coke_lvliang_china,322.00000000000006
2023-12-19,coke_rizhao_china,336.00000000000006
2023-12-19,coking_coal_australia,304.87
2023-12-19,iron_ore_62fe,134.62
2023-12-19,rebar_turkey_fob,605.0
2023-12-19,rebar_uae_exworks,
2023-12-19,scrap_hms12_turkey,427.5
2023-12-20,billet_cis_fob,512.5
2023-12-20,billet_gcc_cfr,512.5
2023-12-20,billet_saudi_exworks,536.0
2023-12-20,coke_lvliang_china,322.00000000000006
2023-12-20,coke_rizhao_china,336.00000000000006
2023-12-20,coking_coal_australia,304.87
2023-12-20,iron_ore_62fe,134.96
2023-12-20,rebar_turkey_fob,603.5
2023-12-20,rebar_uae_exworks,
2023-12-20,scrap_hms12_turkey,427.0
2023-12-21,billet_cis_fob,512.5
2023-12-21,billet_gcc_cfr,512.5
2023-12-21,billet_saudi_exworks,536.0
2023-12-21,coke_lvliang_china,322.00000000000006
2023-12-21,coke_rizhao_china,336.00000000000006
2023-12-21,coking_coal_australia,304.87
2023-12-21,iron_ore_62fe,137.29
2023-12-21,rebar_turkey_fob,602.5
2023-12-21,rebar_uae_exworks,
2023-12-21,scrap_hms12_turkey,426.5
2023-12-22,billet_cis_fob,512.5
2023-12-22,billet_gcc_cfr,505.0
2023-12-22,billet_saudi_exworks,533.3333333333334
2023-12-22,coke_lvliang_china,322.00000000000006
2023-12-22,coke_rizhao_china,334.6
2023-12-22,coking_coal_australia,324.45
2023-12-22,iron_ore_62fe,139.26
2023-12-22,rebar_turkey_fob,600.0
2023-12-22,rebar_uae_exworks,
2023-12-22,scrap_hms12_turkey,425.5
2023-12-23,billet_cis_fob,512.5
2023-12-23,billet_gcc_cfr,505.0
2023-12-23,billet_saudi_exworks,533.3333333333334
2023-12-23,coke_lvliang_china,322.00000000000006
2023-12-23,coke_rizhao_china,334.6
2023-12-23,coking_coal_australia,324.45
2023-12-23,iron_ore_62fe,139.26
2023-12-23,rebar_turkey_fob,600.0
2023-12-23,rebar_uae_exworks,
2023-12-23,scrap_hms12_turkey,425.5
2023-12-24,billet_cis_fob,512.5
2023-12-24,billet_gcc_cfr,505.0
2023-12-24,billet_saudi_exworks,533.3333333333334
2023-12-24,coke_lvliang_china,322.00000000000006
2023-12-24,coke_rizhao_china,334.6
2023-12-24,coking_coal_australia,324.45
2023-12-24,iron_ore_62fe,139.26
2023-12-24,rebar_turkey_fob,600.0
2023-12-24,rebar_uae_exworks,
2023-12-24,scrap_hms12_turkey,425.5
2023-12-25,billet_cis_fob,512.5
2023-12-25,billet_gcc_cfr,505.0
2023-12-25,billet_saudi_exworks,533.3333333333334
2023-12-25,coke_lvliang_china,322.00000000000006
2023-12-25,coke_rizhao_china,334.6
2023-12-25,coking_coal_australia,324.45
2023-12-25,iron_ore_62fe,139.26
2023-12-25,rebar_turkey_fob,597.5
2023-12-25,rebar_uae_exworks,
2023-12-25,scrap_hms12_turkey,425.5
2023-12-26,billet_cis_fob,512.5
2023-12-26,billet_gcc_cfr,505.0
2023-12-26,billet_saudi_exworks,533.3333333333334
2023-12-26,coke_lvliang_china,322.00000000000006
2023-12-26,coke_rizhao_china,334.6
2023-12-26,coking_coal_australia,324.45
2023-12-26,iron_ore_62fe,140.5
2023-12-26,rebar_turkey_fob,597.5
2023-12-26,rebar_uae_exworks,
2023-12-26,scrap_hms12_turkey,419.0
2023-12-27,billet_cis_fob,512.5
2023-12-27,billet_gcc_cfr,505.0
2023-12-27,billet_saudi_exworks,533.3333333333334
2023-12-27,coke_lvliang_china,322.00000000000006
2023-12-27,coke_rizhao_china,334.6
2023-12-27,coking_coal_australia,324.45
2023-12-27,iron_ore_62fe,140.95
2023-12-27,rebar_turkey_fob,595.0
2023-12-27,rebar_uae_exworks,
2023-12-27,scrap_hms12_turkey,419.0
2023-12-28,billet_cis_fob,512.5
2023-12-28,billet_gcc_cfr,505.0
2023-12-28,billet_saudi_exworks,533.3333333333334
2023-12-28,coke_lvliang_china,322.00000000000006
2023-12-28,coke_rizhao_china,334.6
2023-12-28,coking_coal_australia,324.45
2023-12-28,iron_ore_62fe,137.68
2023-12-28,rebar_turkey_fob,592.5
2023-12-28,rebar_uae_exworks,
2023-12-28,scrap_hms12_turkey,418.0
2023-12-29,billet_cis_fob,502.5
2023-12-29,billet_gcc_cfr,520.0
2023-12-29,billet_saudi_exworks,538.6666666666666
2023-12-29,coke_lvliang_china,322.00000000000006
2023-12-29,coke_rizhao_china,327.6
2023-12-29,coking_coal_australia,316.68
2023-12-29,iron_ore_62fe,137.92
2023-12-29,rebar_turkey_fob,592.5
2023-12-29,rebar_uae_exworks,2389.0
2023-12-29,scrap_hms12_turkey,415.0
2023-12-30,billet_cis_fob,502.5
2023-12-30,billet_gcc_cfr,520.0
2023-12-30,billet_saudi_exworks,538.6666666666666
2023-12-30,coke_lvliang_china,322.00000000000006
2023-12-30,coke_rizhao_china,327.6
2023-12-30,coking_coal_australia,316.68
2023-12-30,iron_ore_62fe,137.92
2023-12-30,rebar_turkey_fob,592.5
2023-12-30,rebar_uae_exworks,2389.0
2023-12-30,scrap_hms12_turkey,415.0
2023-12-31,billet_cis_fob,502.5
2023-12-31,billet_gcc_cfr,520.0
2023-12-31,billet_saudi_exworks,538.6666666666666
2023-12-31,coke_lvliang_china,322.00000000000006
2023-12-31,coke_rizhao_china,327.6
2023-12-31,coking_coal_australia,316.68
2023-12-31,iron_ore_62fe,137.92
2023-12-31,rebar_turkey_fob,592.5
2023-12-31,rebar_uae_exworks,2389.0
2023-12-31,scrap_hms12_turkey,415.0
2024-01-01,billet_cis_fob,502.5
2024-01-01,billet_gcc_cfr,520.0
2024-01-01,billet_saudi_exworks,538.6666666666666
2024-01-01,coke_lvliang_china,322.00000000000006
2024-01-01,coke_rizhao_china,327.6
2024-01-01,coking_coal_australia,316.68
2024-01-01,iron_ore_62fe,137.92
2024-01-01,rebar_turkey_fob,592.5
2024-01-01,rebar_uae_exworks,2389.0
2024-01-01,scrap_hms12_turkey,415.0
2024-01-02,billet_cis_fob,502.5
2024-01-02,billet_gcc_cfr,520.0
2024-01-02,billet_saudi_exworks,538.6666666666666
2024-01-02,coke_lvliang_china,322.00000000000006
2024-01-02,coke_rizhao_china,327.6
2024-01-02,coking_coal_australia,316.68
2024-01-02,iron_ore_62fe,143.72
2024-01-02,rebar_turkey_fob,592.5
2024-01-02,rebar_uae_exworks,2389.0
2024-01-02,scrap_hms12_turkey,412.5
2024-01-03,billet_cis_fob,502.5
2024-01-03,billet_gcc_cfr,520.0
2024-01-03,billet_saudi_exworks,538.6666666666666
2024-01-03,coke_lvliang_china,322.00000000000006
2024-01-03,coke_rizhao_china,327.6
2024-01-03,coking_coal_australia,316.68
2024-01-03,iron_ore_62fe,144.47
2024-01-03,rebar_turkey_fob,597.5
2024-01-03,rebar_uae_exworks,2389.0
2024-01-03,scrap_hms12_turkey,412.5
2024-01-04,billet_cis_fob,502.5
2024-01-04,billet_gcc_cfr,520.0
2024-01-04,billet_saudi_exworks,538.6666666666666
2024-01-04,coke_lvliang_china,322.00000000000006
2024-01-04,coke_rizhao_china,327.6
2024-01-04,coking_coal_australia,316.68
2024-01-04,iron_ore_62fe,143.16
2024-01-04,rebar_turkey_fob,600.0
2024-01-04,rebar_uae_exworks,2389.0
2024-01-04,scrap_hms12_turkey,420.5
2024-01-05,billet_cis_fob,502.5
2024-01-05,billet_gcc_cfr,517.5
2024-01-05,billet_saudi_exworks,534.0
2024-01-05,coke_lvliang_china,308.00000000000006
2024-01-05,coke_rizhao_china,326.20000000000005
2024-01-05,coking_coal_australia,328.53
2024-01-05,iron_ore_62fe,140.34
2024-01-05,rebar_turkey_fob,600.0
2024-01-05,rebar_uae_exworks,2389.0
2024-01-05,scrap_hms12_turkey,420.5
2024-01-06,billet_cis_fob,502.5
2024-01-06,billet_gcc_cfr,517.5
2024-01-06,billet_saudi_exworks,534.0
2024-01-06,coke_lvliang_china,308.00000000000006
2024-01-06,coke_rizhao_china,326.20000000000005
2024-01-06,coking_coal_australia,328.53
2024-01-06,iron_ore_62fe,140.34
2024-01-06,rebar_turkey_fob,600.0
2024-01-06,rebar_uae_exworks,2389.0
2024-01-06,scrap_hms12_turkey,420.5
2024-01-07,billet_cis_fob,502.5
2024-01-07,billet_gcc_cfr,517.5
2024-01-07,billet_saudi_exworks,534.0
2024-01-07,coke_lvliang_china,308.00000000000006
2024-01-07,coke_rizhao_china,326.20000000000005
2024-01-07,coking_coal_australia,328.53
2024-01-07,iron_ore_62fe,140.34
2024-01-07,rebar_turkey_fob,600.0
2024-01-07,rebar_uae_exworks,2389.0
2024-01-07,scrap_hms12_turkey,420.5
2024-01-08,billet_cis_fob,502.5
2024-01-08,billet_gcc_cfr,517.5
2024-01-08,billet_saudi_exworks,534.0
2024-01-08,coke_lvliang_china,308.00000000000006
2024-01-08,coke_rizhao_china,326.20000000000005
2024-01-08,coking_coal_australia,328.53
2024-01-08,iron_ore_62fe,139.91
2024-01-08,rebar_turkey_fob,605.0
2024-01-08,rebar_uae_exworks,2389.0
2024-01-08,scrap_hms12_turkey,425.0
2024-01-09,billet_cis_fob,502.5
2024-01-09,billet_gcc_cfr,517.5
2024-01-09,billet_saudi_exworks,534.0
2024-01-09,coke_lvliang_china,308.00000000000006
2024-01-09,coke_rizhao_china,326.20000000000005
2024-01-09,coking_coal_australia,328.53
2024-01-09,iron_ore_62fe,139.51
2024-01-09,rebar_turkey_fob,607.5
2024-01-09,rebar_uae_exworks,2389.0
2024-01-09,scrap_hms12_turkey,425.0
2024-01-10,billet_cis_fob,502.5
2024-01-10,billet_gcc_cfr,517.5
2024-01-10,billet_saudi_exworks,534.0
2024-01-10,coke_lvliang_china,308.00000000000006
2024-01-10,coke_rizhao_china,326.20000000000005
2024-01-10,coking_coal_australia,328.53
2024-01-10,iron_ore_62fe,135.07
2024-01-10,rebar_turkey_fob,612.5
2024-01-10,rebar_uae_exworks,2389.0
2024-01-10,scrap_hms12_turkey,426.0
2024-01-11,billet_cis_fob,502.5
2024-01-11,billet_gcc_cfr,517.5
2024-01-11,billet_saudi_exworks,534.0
2024-01-11,coke_lvliang_china,308.00000000000006
2024-01-11,coke_rizhao_china,326.20000000000005
2024-01-11,coking_coal_australia,328.53
2024-01-11,iron_ore_62fe,136.99
2024-01-11,rebar_turkey_fob,612.5
2024-01-11,rebar_uae_exworks,2389.0
2024-01-11,scrap_hms12_turkey,426.0
2024-01-12,billet_cis_fob,506.0
2024-01-12,billet_gcc_cfr,520.5
2024-01-12,billet_saudi_exworks,530.6666666666666
2024-01-12,coke_lvliang_china,294.0
2024-01-12,coke_rizhao_china,319.20000000000005
2024-01-12,coking_coal_australia,333.7
2024-01-12,iron_ore_62fe,132.56
2024-01-12,rebar_turkey_fob,612.5
2024-01-12,rebar_uae_exworks,2389.0
2024-01-12,scrap_hms12_turkey,426.0
2024-01-13,billet_cis_fob,506.0
2024-01-13,billet_gcc_cfr,520.5
2024-01-13,billet_saudi_exworks,530.6666666666666
2024-01-13,coke_lvliang_china,294.0
2024-01-13,coke_rizhao_china,319.20000000000005
2024-01-13,coking_coal_australia,333.7
2024-01-13,iron_ore_62fe,132.56
2024-01-13,rebar_turkey_fob,612.5
2024-01-13,rebar_uae_exworks,2389.0
2024-01-13,scrap_hms12_turkey,426.0
2024-01-14,billet_cis_fob,506.0
2024-01-14,billet_gcc_cfr,520.5
2024-01-14,billet_saudi_exworks,530.6666666666666
2024-01-14,coke_lvliang_china,294.0
2024-01-14,coke_rizhao_china,319.20000000000005
2024-01-14,coking_coal_australia,333.7
2024-01-14,iron_ore_62fe,132.56
2024-01-14,rebar_turkey_fob,612.5
2024-01-14,rebar_uae_exworks,2389.0
2024-01-14,scrap_hms12_turkey,426.0
2024-01-15,billet_cis_fob,506.0
2024-01-15,billet_gcc_cfr,520.5
2024-01-15,billet_saudi_exworks,530.6666666666666
2024-01-15,coke_lvliang_china,294.0
2024-01-15,coke_rizhao_china,319.20000000000005
2024-01-15,coking_coal_australia,333.7
2024-01-15,iron_ore_62fe,129.87
2024-01-15,rebar_turkey_fob,612.5
2024-01-15,rebar_uae_exworks,2389.0
2024-01-15,scrap_hms12_turkey,425.0
2024-01-16,billet_cis_fob,506.0
2024-01-16,billet_gcc_cfr,520.5
2024-01-16,billet_saudi_exworks,530.6666666666666
2024-01-16,coke_lvliang_china,294.0
2024-01-16,coke_rizhao_china,319.20000000000005
2024-01-16,coking_coal_australia,333.7
2024-01-16,iron_ore_62fe,130.77
2024-01-16,rebar_turkey_fob,612.5
2024-01-16,rebar_uae_exworks,2389.0
2024-01-16,scrap_hms12_turkey,425.0
2024-01-17,billet_cis_fob,506.0
2024-01-17,billet_gcc_cfr,520.5
2024-01-17,billet_saudi_exworks,530.6666666666666
2024-01-17,coke_lvliang_china,294.0
2024-01-17,coke_rizhao_china,319.20000000000005
2024-01-17,coking_coal_australia,333.7
2024-01-17,iron_ore_62fe,128.48
2024-01-17,rebar_turkey_fob,610.0
2024-01-17,rebar_uae_exworks,2389.0
2024-01-17,scrap_hms12_turkey,420.0
2024-01-18,billet_cis_fob,506.0
2024-01-18,billet_gcc_cfr,520.5
2024-01-18,billet_saudi_exworks,530.6666666666666
2024-01-18,coke_lvliang_china,294.0
2024-01-18,coke_rizhao_china,319.20000000000005
2024-01-18,coking_coal_australia,333.7
2024-01-18,iron_ore_62fe,131.59
2024-01-18,rebar_turkey_fob,610.0
2024-01-18,rebar_uae_exworks,2389.0
2024-01-18,scrap_hms12_turkey,420.0
2024-01-19,billet_cis_fob,510.0
2024-01-19,billet_gcc_cfr,514.0
2024-01-19,billet_saudi_exworks,535.3333333333334
2024-01-19,coke_lvliang_china,294.0
2024-01-19,coke_rizhao_china,320.6
2024-01-19,coking_coal_australia,333.06
2024-01-19,iron_ore_62fe,131.25
2024-01-19,rebar_turkey_fob,610.0
2024-01-19,rebar_uae_exworks,2389.0
2024-01-19,scrap_hms12_turkey,419.5
2024-01-20,billet_cis_fob,510.0
2024-01-20,billet_gcc_cfr,514.0
2024-01-20,billet_saudi_exworks,535.3333333333334
2024-01-20,coke_lvliang_china,294.0
2024-01-20,coke_rizhao_china,320.6
2024-01-20,coking_coal_australia,333.06
2024-01-20,iron_ore_62fe,131.25
2024-01-20,rebar_turkey_fob,610.0
2024-01-20,rebar_uae_exworks,2389.0
2024-01-20,scrap_hms12_turkey,419.5
2024-01-21,billet_cis_fob,510.0
2024-01-21,billet_gcc_cfr,514.0
2024-01-21,billet_saudi_exworks,535.3333333333334
2024-01-21,coke_lvliang_china,294.0
2024-01-21,coke_rizhao_china,320.6
2024-01-21,coking_coal_australia,333.06
2024-01-21,iron_ore_62fe,131.25
2024-01-21,rebar_turkey_fob,610.0
2024-01-21,rebar_uae_exworks,2389.0
2024-01-21,scrap_hms12_turkey,419.5
2024-01-22,billet_cis_fob,510.0
2024-01-22,billet_gcc_cfr,514.0
2024-01-22,billet_saudi_exworks,535.3333333333334
2024-01-22,coke_lvliang_china,294.0
2024-01-22,coke_rizhao_china,320.6
2024-01-22,coking_coal_australia,333.06
2024-01-22,iron_ore_62fe,130.17
2024-01-22,rebar_turkey_fob,610.0
2024-01-22,rebar_uae_exworks,2389.0
2024-01-22,scrap_hms12_turkey,419.0
2024-01-23,billet_cis_fob,510.0
2024-01-23,billet_gcc_cfr,514.0
2024-01-23,billet_saudi_exworks,535.3333333333334
2024-01-23,coke_lvliang_china,294.0
2024-01-23,coke_rizhao_china,320.6
2024-01-23,coking_coal_australia,333.06
2024-01-23,iron_ore_62fe,132.62
2024-01-23,rebar_turkey_fob,610.0
2024-01-23,rebar_uae_exworks,2389.0
2024-01-23,scrap_hms12_turkey,419.0
2024-01-24,billet_cis_fob,510.0
2024-01-24,billet_gcc_cfr,514.0
2024-01-24,billet_saudi_exworks,535.3333333333334
2024-01-24,coke_lvliang_china,294.0
2024-01-24,coke_rizhao_china,320.6
2024-01-24,coking_coal_australia,333.06
2024-01-24,iron_ore_62fe,136.22
2024-01-24,rebar_turkey_fob,610.0
2024-01-24,rebar_uae_exworks,2389.0
2024-01-24,scrap_hms12_turkey,418.5
2024-01-25,billet_cis_fob,510.0
2024-01-25,billet_gcc_cfr,514.0
2024-01-25,billet_saudi_exworks,535.3333333333334
2024-01-25,coke_lvliang_china,294.0
2024-01-25,coke_rizhao_china,320.6
2024-01-25,coking_coal_australia,333.06
2024-01-25,iron_ore_62fe,136.72
2024-01-25,rebar_turkey_fob,615.0
2024-01-25,rebar_uae_exworks,2389.0
2024-01-25,scrap_hms12_turkey,420.0
2024-01-26,billet_cis_fob,510.0
2024-01-26,billet_gcc_cfr,514.0
2024-01-26,billet_saudi_exworks,533.3333333333334
2024-01-26,coke_lvliang_china,294.0
2024-01-26,coke_rizhao_china,322.00000000000006
2024-01-26,coking_coal_australia,331.31
2024-01-26,iron_ore_62fe,136.21
2024-01-26,rebar_turkey_fob,615.0
2024-01-26,rebar_uae_exworks,2389.0
2024-01-26,scrap_hms12_turkey,420.0
2024-01-27,billet_cis_fob,510.0
2024-01-27,billet_gcc_cfr,514.0
2024-01-27,billet_saudi_exworks,533.3333333333334
2024-01-27,coke_lvliang_china,294.0
2024-01-27,coke_rizhao_china,322.00000000000006
2024-01-27,coking_coal_australia,331.31
2024-01-27,iron_ore_62fe,136.21
2024-01-27,rebar_turkey_fob,615.0
2024-01-27,rebar_uae_exworks,2389.0
2024-01-27,scrap_hms12_turkey,420.0
2024-01-28,billet_cis_fob,510.0
2024-01-28,billet_gcc_cfr,514.0
2024-01-28,billet_saudi_exworks,533.3333333333334
2024-01-28,coke_lvliang_china,294.0
2024-01-28,coke_rizhao_china,322.00000000000006
2024-01-28,coking_coal_australia,331.31
2024-01-28,iron_ore_62fe,136.21
2024-01-28,rebar_turkey_fob,615.0
2024-01-28,rebar_uae_exworks,2389.0
2024-01-28,scrap_hms12_turkey,420.0
2024-01-29,billet_cis_fob,510.0
2024-01-29,billet_gcc_cfr,514.0
2024-01-29,billet_saudi_exworks,533.3333333333334
2024-01-29,coke_lvliang_china,294.0
2024-01-29,coke_rizhao_china,322.00000000000006
2024-01-29,coking_coal_australia,331.31
2024-01-29,iron_ore_62fe,137.61
2024-01-29,rebar_turkey_fob,615.0
2024-01-29,rebar_uae_exworks,2389.0
2024-01-29,scrap_hms12_turkey,420.0
2024-01-30,billet_cis_fob,510.0
2024-01-30,billet_gcc_cfr,514.0
2024-01-30,billet_saudi_exworks,533.3333333333334
2024-01-30,coke_lvliang_china,294.0
2024-01-30,coke_rizhao_china,322.00000000000006
2024-01-30,coking_coal_australia,331.31
2024-01-30,iron_ore_62fe,135.6
2024-01-30,rebar_turkey_fob,615.0
2024-01-30,rebar_uae_exworks,2389.0
2024-01-30,scrap_hms12_turkey,420.0
2024-01-31,billet_cis_fob,510.0
2024-01-31,billet_gcc_cfr,514.0
2024-01-31,billet_saudi_exworks,533.3333333333334
2024-01-31,coke_lvliang_china,294.0
2024-01-31,coke_rizhao_china,322.00000000000006
2024-01-31,coking_coal_australia,331.31
2024-01-31,iron_ore_62fe,132.63
2024-01-31,rebar_turkey_fob,615.0
2024-01-31,rebar_uae_exworks,2475.0
2024-01-31,scrap_hms12_turkey,420.5
2024-02-01,billet_cis_fob,510.0
2024-02-01,billet_gcc_cfr,514.0
2024-02-01,billet_saudi_exworks,533.3333333333334
2024-02-01,coke_lvliang_china,294.0
2024-02-01,coke_rizhao_china,322.00000000000006
2024-02-01,coking_coal_australia,331.31
2024-02-01,iron_ore_62fe,133.51
2024-02-01,rebar_turkey_fob,615.0
2024-02-01,rebar_uae_exworks,2475.0
2024-02-01,scrap_hms12_turkey,421.5
2024-02-02,billet_cis_fob,515.5
2024-02-02,billet_gcc_cfr,520.0
2024-02-02,billet_saudi_exworks,539.3333333333334
2024-02-02,coke_lvliang_china,294.0
2024-02-02,coke_rizhao_china,312.20000000000005
2024-02-02,coking_coal_australia,320.29
2024-02-02,iron_ore_62fe,126.26
2024-02-02,rebar_turkey_fob,615.0
2024-02-02,rebar_uae_exworks,2475.0
2024-02-02,scrap_hms12_turkey,422.0
2024-02-03,billet_cis_fob,515.5
2024-02-03,billet_gcc_cfr,520.0
2024-02-03,billet_saudi_exworks,539.3333333333334
2024-02-03,coke_lvliang_china,294.0
2024-02-03,coke_rizhao_china,312.20000000000005
2024-02-03,coking_coal_australia,320.29
2024-02-03,iron_ore_62fe,126.26
2024-02-03,rebar_turkey_fob,615.0
2024-02-03,rebar_uae_exworks,2475.0
2024-02-03,scrap_hms12_turkey,422.0
2024-02-04,billet_cis_fob,515.5
2024-02-04,billet_gcc_cfr,520.0
2024-02-04,billet_saudi_exworks,539.3333333333334
2024-02-04,coke_lvliang_china,294.0
2024-02-04,coke_rizhao_china,312.20000000000005
2024-02-04,coking_coal_australia,320.29
2024-02-04,iron_ore_62fe,126.26
2024-02-04,rebar_turkey_fob,615.0
2024-02-04,rebar_uae_exworks,2475.0
2024-02-04,scrap_hms12_turkey,422.0
2024-02-05,billet_cis_fob,515.5
2024-02-05,billet_gcc_cfr,520.0
2024-02-05,billet_saudi_exworks,539.3333333333334
2024-02-05,coke_lvliang_china,294.0
2024-02-05,coke_rizhao_china,312.20000000000005
2024-02-05,coking_coal_australia,320.29
2024-02-05,iron_ore_62fe,128.99
2024-02-05,rebar_turkey_fob,615.0
2024-02-05,rebar_uae_exworks,2475.0
2024-02-05,scrap_hms12_turkey,422.0
2024-02-06,billet_cis_fob,515.5
2024-02-06,billet_gcc_cfr,520.0
2024-02-06,billet_saudi_exworks,539.3333333333334
2024-02-06,coke_lvliang_china,294.0
2024-02-06,coke_rizhao_china,312.20000000000005
2024-02-06,coking_coal_australia,320.29
2024-02-06,iron_ore_62fe,126.55
2024-02-06,rebar_turkey_fob,615.0
2024-02-06,rebar_uae_exworks,2475.0
2024-02-06,scrap_hms12_turkey,419.5
2024-02-07,billet_cis_fob,515.5
2024-02-07,billet_gcc_cfr,520.0
2024-02-07,billet_saudi_exworks,539.3333333333334
2024-02-07,coke_lvliang_china,294.0
2024-02-07,coke_rizhao_china,312.20000000000005
2024-02-07,coking_coal_australia,320.29
2024-02-07,iron_ore_62fe,126.21
2024-02-07,rebar_turkey_fob,615.0
2024-02-07,rebar_uae_exworks,2475.0
2024-02-07,scrap_hms12_turkey,419.5
2024-02-08,billet_cis_fob,515.5
2024-02-08,billet_gcc_cfr,520.0
2024-02-08,billet_saudi_exworks,539.3333333333334
2024-02-08,coke_lvliang_china,294.0
2024-02-08,coke_rizhao_china,312.20000000000005
2024-02-08,coking_coal_australia,320.29
2024-02-08,iron_ore_62fe,127.18
2024-02-08,rebar_turkey_fob,615.0
2024-02-08,rebar_uae_exworks,2475.0
2024-02-08,scrap_hms12_turkey,419.25
2024-02-09,billet_cis_fob,520.0
2024-02-09,billet_gcc_cfr,527.5
2024-02-09,billet_saudi_exworks,544.0
2024-02-09,coke_lvliang_china,294.0
2024-02-09,coke_rizhao_china,312.20000000000005
2024-02-09,coking_coal_australia,314.86
2024-02-09,iron_ore_62fe,127.03
2024-02-09,rebar_turkey_fob,612.5
2024-02-09,rebar_uae_exworks,2475.0
2024-02-09,scrap_hms12_turkey,419.0
2024-02-10,billet_cis_fob,520.0
2024-02-10,billet_gcc_cfr,527.5
2024-02-10,billet_saudi_exworks,544.0
2024-02-10,coke_lvliang_china,294.0
2024-02-10,coke_rizhao_china,312.20000000000005
2024-02-10,coking_coal_australia,314.86
2024-02-10,iron_ore_62fe,127.03
2024-02-10,rebar_turkey_fob,612.5
2024-02-10,rebar_uae_exworks,2475.0
2024-02-10,scrap_hms12_turkey,419.0
2024-02-11,billet_cis_fob,520.0
2024-02-11,billet_gcc_cfr,527.5
2024-02-11,billet_saudi_exworks,544.0
2024-02-11,coke_lvliang_china,294.0
2024-02-11,coke_rizhao_china,312.20000000000005
2024-02-11,coking_coal_australia,314.86
2024-02-11,iron_ore_62fe,127.03
2024-02-11,rebar_turkey_fob,612.5
2024-02-11,rebar_uae_exworks,2475.0
2024-02-11,scrap_hms12_turkey,419.0
2024-02-12,billet_cis_fob,520.0
2024-02-12,billet_gcc_cfr,527.5
2024-02-12,billet_saudi_exworks,544.0
2024-02-12,coke_lvliang_china,294.0
2024-02-12,coke_rizhao_china,312.20000000000005
2024-02-12,coking_coal_australia,314.86
2024-02-12,iron_ore_62fe,127.57
2024-02-12,rebar_turkey_fob,612.5
2024-02-12,rebar_uae_exworks,2475.0
2024-02-12,scrap_hms12_turkey,419.0
2024-02-13,billet_cis_fob,520.0
2024-02-13,billet_gcc_cfr,527.5
2024-02-13,billet_saudi_exworks,544.0
2024-02-13,coke_lvliang_china,294.0
2024-02-13,coke_rizhao_china,312.20000000000005
2024-02-13,coking_coal_australia,314.86
2024-02-13,iron_ore_62fe,128.07
2024-02-13,rebar_turkey_fob,612.5
2024-02-13,rebar_uae_exworks,2475.0
2024-02-13,scrap_hms12_turkey,417.5
2024-02-14,billet_cis_fob,520.0
2024-02-14,billet_gcc_cfr,527.5
2024-02-14,billet_saudi_exworks,544.0
2024-02-14,coke_lvliang_china,294.0
2024-02-14,coke_rizhao_china,312.20000000000005
2024-02-14,coking_coal_australia,314.86
2024-02-14,iron_ore_62fe,128.67
2024-02-14,rebar_turkey_fob,610.0
2024-02-14,rebar_uae_exworks,2475.0
2024-02-14,scrap_hms12_turkey,417.5
2024-02-15,billet_cis_fob,520.0
2024-02-15,billet_gcc_cfr,527.5
2024-02-15,billet_saudi_exworks,544.0
2024-02-15,coke_lvliang_china,294.0
2024-02-15,coke_rizhao_china,312.20000000000005
2024-02-15,coking_coal_australia,314.86
2024-02-15,iron_ore_62fe,128.79
2024-02-15,rebar_turkey_fob,610.0
2024-02-15,rebar_uae_exworks,2475.0
2024-02-15,scrap_hms12_turkey,416.0
2024-02-16,billet_cis_fob,515.0
2024-02-16,billet_gcc_cfr,534.0
2024-02-16,billet_saudi_exworks,546.0
2024-02-16,coke_lvliang_china,294.0
2024-02-16,coke_rizhao_china,312.20000000000005
2024-02-16,coking_coal_australia,314.65
2024-02-16,iron_ore_62fe,129.54
2024-02-16,rebar_turkey_fob,610.0
2024-02-16,rebar_uae_exworks,2475.0
2024-02-16,scrap_hms12_turkey,415.5
2024-02-17,billet_cis_fob,515.0
2024-02-17,billet_gcc_cfr,534.0
2024-02-17,billet_saudi_exworks,546.0
2024-02-17,coke_lvliang_china,294.0
2024-02-17,coke_rizhao_china,312.20000000000005
2024-02-17,coking_coal_australia,314.65
2024-02-17,iron_ore_62fe,129.54
2024-02-17,rebar_turkey_fob,610.0
2024-02-17,rebar_uae_exworks,2475.0
2024-02-17,scrap_hms12_turkey,415.5
2024-02-18,billet_cis_fob,515.0
2024-02-18,billet_gcc_cfr,534.0
2024-02-18,billet_saudi_exworks,546.0
2024-02-18,coke_lvliang_china,294.0
2024-02-18,coke_rizhao_china,312.20000000000005
2024-02-18,coking_coal_australia,314.65
2024-02-18,iron_ore_62fe,129.54
2024-02-18,rebar_turkey_fob,610.0
2024-02-18,rebar_uae_exworks,2475.0
2024-02-18,scrap_hms12_turkey,415.5
2024-02-19,billet_cis_fob,515.0
2024-02-19,billet_gcc_cfr,534.0
2024-02-19,billet_saudi_exworks,546.0
2024-02-19,coke_lvliang_china,294.0
2024-02-19,coke_rizhao_china,312.20000000000005
2024-02-19,coking_coal_australia,314.65
2024-02-19,iron_ore_62fe,127.26
2024-02-19,rebar_turkey_fob,607.5
2024-02-19,rebar_uae_exworks,2475.0
2024-02-19,scrap_hms12_turkey,414.0
2024-02-20,billet_cis_fob,515.0
2024-02-20,billet_gcc_cfr,534.0
2024-02-20,billet_saudi_exworks,546.0
2024-02-20,coke_lvliang_china,294.0
2024-02-20,coke_rizhao_china,312.20000000000005
2024-02-20,coking_coal_australia,314.65
2024-02-20,iron_ore_62fe,123.06
2024-02-20,rebar_turkey_fob,607.5
2024-02-20,rebar_uae_exworks,2475.0
2024-02-20,scrap_hms12_turkey,413.5
2024-02-21,billet_cis_fob,515.0
2024-02-21,billet_gcc_cfr,534.0
2024-02-21,billet_saudi_exworks,546.0
2024-02-21,coke_lvliang_china,294.0
2024-02-21,coke_rizhao_china,312.20000000000005
2024-02-21,coking_coal_australia,314.65
2024-02-21,iron_ore_62fe,121.41
2024-02-21,rebar_turkey_fob,605.0
2024-02-21,rebar_uae_exworks,2475.0
2024-02-21,scrap_hms12_turkey,413.5
2024-02-22,billet_cis_fob,515.0
2024-02-22,billet_gcc_cfr,534.0
2024-02-22,billet_saudi_exworks,546.0
2024-02-22,coke_lvliang_china,294.0
2024-02-22,coke_rizhao_china,312.20000000000005
2024-02-22,coking_coal_australia,314.65
2024-02-22,iron_ore_62fe,121.84
2024-02-22,rebar_turkey_fob,605.0
2024-02-22,rebar_uae_exworks,2475.0
2024-02-22,scrap_hms12_turkey,411.5
2024-02-23,billet_cis_fob,515.0
2024-02-23,billet_gcc_cfr,516.5
2024-02-23,billet_saudi_exworks,550.0
2024-02-23,coke_lvliang_china,280.0
2024-02-23,coke_rizhao_china,305.20000000000005
2024-02-23,coking_coal_australia,314.59
2024-02-23,iron_ore_62fe,121.63
2024-02-23,rebar_turkey_fob,605.0
2024-02-23,rebar_uae_exworks,2475.0
2024-02-23,scrap_hms12_turkey,405.5
2024-02-24,billet_cis_fob,515.0
2024-02-24,billet_gcc_cfr,516.5
2024-02-24,billet_saudi_exworks,550.0
2024-02-24,coke_lvliang_china,280.0
2024-02-24,coke_rizhao_china,305.20000000000005
2024-02-24,coking_coal_australia,314.59
2024-02-24,iron_ore_62fe,121.63
2024-02-24,rebar_turkey_fob,605.0
2024-02-24,rebar_uae_exworks,2475.0
2024-02-24,scrap_hms12_turkey,405.5
2024-02-25,billet_cis_fob,515.0
2024-02-25,billet_gcc_cfr,516.5
2024-02-25,billet_saudi_exworks,550.0
2024-02-25,coke_lvliang_china,280.0
2024-02-25,coke_rizhao_china,305.20000000000005
2024-02-25,coking_coal_australia,314.59
2024-02-25,iron_ore_62fe,121.63
2024-02-25,rebar_turkey_fob,605.0
2024-02-25,rebar_uae_exworks,2475.0
2024-02-25,scrap_hms12_turkey,405.5
2024-02-26,billet_cis_fob,515.0
2024-02-26,billet_gcc_cfr,516.5
2024-02-26,billet_saudi_exworks,550.0
2024-02-26,coke_lvliang_china,280.0
2024-02-26,coke_rizhao_china,305.20000000000005
2024-02-26,coking_coal_australia,314.59
2024-02-26,iron_ore_62fe,117.1
2024-02-26,rebar_turkey_fob,602.5
2024-02-26,rebar_uae_exworks,2475.0
2024-02-26,scrap_hms12_turkey,405.0
2024-02-27,billet_cis_fob,515.0
2024-02-27,billet_gcc_cfr,516.5
2024-02-27,billet_saudi_exworks,550.0
2024-02-27,coke_lvliang_china,280.0
2024-02-27,coke_rizhao_china,305.20000000000005
2024-02-27,coking_coal_australia,314.59
2024-02-27,iron_ore_62fe,119.79
2024-02-27,rebar_turkey_fob,602.5
2024-02-27,rebar_uae_exworks,2475.0
2024-02-27,scrap_hms12_turkey,404.0
2024-02-28,billet_cis_fob,515.0
2024-02-28,billet_gcc_cfr,516.5
2024-02-28,billet_saudi_exworks,550.0
2024-02-28,coke_lvliang_china,280.0
2024-02-28,coke_rizhao_china,305.20000000000005
2024-02-28,coking_coal_australia,314.59
2024-02-28,iron_ore_62fe,118.23
2024-02-28,rebar_turkey_fob,598.0
2024-02-28,rebar_uae_exworks,2475.0
2024-02-28,scrap_hms12_turkey,395.0
2024-02-29,billet_cis_fob,515.0
2024-02-29,billet_gcc_cfr,516.5
2024-02-29,billet_saudi_exworks,550.0
2024-02-29,coke_lvliang_china,280.0
2024-02-29,coke_rizhao_china,305.20000000000005
2024-02-29,coking_coal_australia,314.59
2024-02-29,iron_ore_62fe,118.52
2024-02-29,rebar_turkey_fob,594.0
2024-02-29,rebar_uae_exworks,2545.0
2024-02-29,scrap_hms12_turkey,395.0
2024-03-01,billet_cis_fob,505.0
2024-03-01,billet_gcc_cfr,532.5
2024-03-01,billet_saudi_exworks,546.6666666666666
2024-03-01,coke_lvliang_china,266.0
2024-03-01,coke_rizhao_china,303.8
2024-03-01,coking_coal_australia,305.47
2024-03-01,iron_ore_62fe,115.84
2024-03-01,rebar_turkey_fob,592.5
2024-03-01,rebar_uae_exworks,2545.0
2024-03-01,scrap_hms12_turkey,390.5
2024-03-02,billet_cis_fob,505.0
2024-03-02,billet_gcc_cfr,532.5
2024-03-02,billet_saudi_exworks,546.6666666666666
2024-03-02,coke_lvliang_china,266.0
2024-03-02,coke_rizhao_china,303.8
2024-03-02,coking_coal_australia,305.47
2024-03-02,iron_ore_62fe,115.84
2024-03-02,rebar_turkey_fob,592.5
2024-03-02,rebar_uae_exworks,2545.0
2024-03-02,scrap_hms12_turkey,390.5
2024-03-03,billet_cis_fob,505.0
2024-03-03,billet_gcc_cfr,532.5
2024-03-03,billet_saudi_exworks,546.6666666666666
2024-03-03,coke_lvliang_china,266.0
2024-03-03,coke_rizhao_china,303.8
2024-03-03,coking_coal_australia,305.47
2024-03-03,iron_ore_62fe,115.84
2024-03-03,rebar_turkey_fob,592.5
2024-03-03,rebar_uae_exworks,2545.0
2024-03-03,scrap_hms12_turkey,390.5
2024-03-04,billet_cis_fob,505.0
2024-03-04,billet_gcc_cfr,532.5
2024-03-04,billet_saudi_exworks,546.6666666666666
2024-03-04,coke_lvliang_china,266.0
2024-03-04,coke_rizhao_china,303.8
2024-03-04,coking_coal_australia,305.47
2024-03-04,iron_ore_62fe,117.7
2024-03-04,rebar_turkey_fob,590.0
2024-03-04,rebar_uae_exworks,2545.0
2024-03-04,scrap_hms12_turkey,383.5
2024-03-05,billet_cis_fob,505.0
2024-03-05,billet_gcc_cfr,532.5
2024-03-05,billet_saudi_exworks,546.6666666666666
2024-03-05,coke_lvliang_china,266.0
2024-03-05,coke_rizhao_china,303.8
2024-03-05,coking_coal_australia,305.47
2024-03-05,iron_ore_62fe,117.57
2024-03-05,rebar_turkey_fob,590.0
2024-03-05,rebar_uae_exworks,2545.0
2024-03-05,scrap_hms12_turkey,383.5
2024-03-06,billet_cis_fob,505.0
2024-03-06,billet_gcc_cfr,532.5
2024-03-06,billet_saudi_exworks,546.6666666666666
2024-03-06,coke_lvliang_china,266.0
2024-03-06,coke_rizhao_china,303.8
2024-03-06,coking_coal_australia,305.47
2024-03-06,iron_ore_62fe,115.71
2024-03-06,rebar_turkey_fob,587.5
2024-03-06,rebar_uae_exworks,2545.0
2024-03-06,scrap_hms12_turkey,376.0
2024-03-07,billet_cis_fob,505.0
2024-03-07,billet_gcc_cfr,532.5
2024-03-07,billet_saudi_exworks,546.6666666666666
2024-03-07,coke_lvliang_china,266.0
2024-03-07,coke_rizhao_china,303.8
2024-03-07,coking_coal_australia,305.47
2024-03-07,iron_ore_62fe,118.86
2024-03-07,rebar_turkey_fob,590.0
2024-03-07,rebar_uae_exworks,2545.0
2024-03-07,scrap_hms12_turkey,378.0
2024-03-08,billet_cis_fob,500.0
2024-03-08,billet_gcc_cfr,523.5
2024-03-08,billet_saudi_exworks,544.6666666666666
2024-03-08,coke_lvliang_china,266.0
2024-03-08,coke_rizhao_china,294.0
2024-03-08,coking_coal_australia,298.66
2024-03-08,iron_ore_62fe,116.6
2024-03-08,rebar_turkey_fob,590.0
2024-03-08,rebar_uae_exworks,2545.0
2024-03-08,scrap_hms12_turkey,378.0
2024-03-09,billet_cis_fob,500.0
2024-03-09,billet_gcc_cfr,523.5
2024-03-09,billet_saudi_exworks,544.6666666666666
2024-03-09,coke_lvliang_china,266.0
2024-03-09,coke_rizhao_china,294.0
2024-03-09,coking_coal_australia,298.66
2024-03-09,iron_ore_62fe,116.6
2024-03-09,rebar_turkey_fob,590.0
2024-03-09,rebar_uae_exworks,2545.0
2024-03-09,scrap_hms12_turkey,378.0
2024-03-10,billet_cis_fob,500.0
2024-03-10,billet_gcc_cfr,523.5
2024-03-10,billet_saudi_exworks,544.6666666666666
2024-03-10,coke_lvliang_china,266.0
2024-03-10,coke_rizhao_china,294.0
2024-03-10,coking_coal_australia,298.66
2024-03-10,iron_ore_62fe,116.6
2024-03-10,rebar_turkey_fob,590.0
2024-03-10,rebar_uae_exworks,2545.0
2024-03-10,scrap_hms12_turkey,378.0
2024-03-11,billet_cis_fob,500.0
2024-03-11,billet_gcc_cfr,523.5
2024-03-11,billet_saudi_exworks,544.6666666666666
2024-03-11,coke_lvliang_china,266.0
2024-03-11,coke_rizhao_china,294.0
2024-03-11,coking_coal_australia,298.66
2024-03-11,iron_ore_62fe,109.03
2024-03-11,rebar_turkey_fob,587.5
2024-03-11,rebar_uae_exworks,2545.0
2024-03-11,scrap_hms12_turkey,378.0
2024-03-12,billet_cis_fob,500.0
2024-03-12,billet_gcc_cfr,523.5
2024-03-12,billet_saudi_exworks,544.6666666666666
2024-03-12,coke_lvliang_china,266.0
2024-03-12,coke_rizhao_china,294.0
2024-03-12,coking_coal_australia,298.66
2024-03-12,iron_ore_62fe,111.0
2024-03-12,rebar_turkey_fob,587.5
2024-03-12,rebar_uae_exworks,2545.0
2024-03-12,scrap_hms12_turkey,380.0
2024-03-13,billet_cis_fob,500.0
2024-03-13,billet_gcc_cfr,523.5
2024-03-13,billet_saudi_exworks,544.6666666666666
2024-03-13,coke_lvliang_china,266.0
2024-03-13,coke_rizhao_china,294.0
2024-03-13,coking_coal_australia,298.66
2024-03-13,iron_ore_62fe,107.78
2024-03-13,rebar_turkey_fob,587.5
2024-03-13,rebar_uae_exworks,2545.0
2024-03-13,scrap_hms12_turkey,380.0
2024-03-14,billet_cis_fob,500.0
2024-03-14,billet_gcc_cfr,523.5
2024-03-14,billet_saudi_exworks,544.6666666666666
2024-03-14,coke_lvliang_china,266.0
2024-03-14,coke_rizhao_china,294.0
2024-03-14,coking_coal_australia,298.66
2024-03-14,iron_ore_62fe,105.43
2024-03-14,rebar_turkey_fob,587.5
2024-03-14,rebar_uae_exworks,2545.0
2024-03-14,scrap_hms12_turkey,379.0
2024-03-15,billet_cis_fob,495.0
2024-03-15,billet_gcc_cfr,519.0
2024-03-15,billet_saudi_exworks,547.3333333333334
2024-03-15,coke_lvliang_china,252.00000000000003
2024-03-15,coke_rizhao_china,277.20000000000005
2024-03-15,coking_coal_australia,265.18
2024-03-15,iron_ore_62fe,105.1
2024-03-15,rebar_turkey_fob,585.0
2024-03-15,rebar_uae_exworks,2545.0
2024-03-15,scrap_hms12_turkey,379.0
2024-03-16,billet_cis_fob,495.0
2024-03-16,billet_gcc_cfr,519.0
2024-03-16,billet_saudi_exworks,547.3333333333334
2024-03-16,coke_lvliang_china,252.00000000000003
2024-03-16,coke_rizhao_china,277.20000000000005
2024-03-16,coking_coal_australia,265.18
2024-03-16,iron_ore_62fe,105.1
2024-03-16,rebar_turkey_fob,585.0
2024-03-16,rebar_uae_exworks,2545.0
2024-03-16,scrap_hms12_turkey,379.0
2024-03-17,billet_cis_fob,495.0
2024-03-17,billet_gcc_cfr,519.0
2024-03-17,billet_saudi_exworks,547.3333333333334
2024-03-17,coke_lvliang_china,252.00000000000003
2024-03-17,coke_rizhao_china,277.20000000000005
2024-03-17,coking_coal_australia,265.18
2024-03-17,iron_ore_62fe,105.1
2024-03-17,rebar_turkey_fob,585.0
2024-03-17,rebar_uae_exworks,2545.0
2024-03-17,scrap_hms12_turkey,379.0
2024-03-18,billet_cis_fob,495.0
2024-03-18,billet_gcc_cfr,519.0
2024-03-18,billet_saudi_exworks,547.3333333333334
2024-03-18,coke_lvliang_china,252.00000000000003
2024-03-18,coke_rizhao_china,277.20000000000005
2024-03-18,coking_coal_australia,265.18
2024-03-18,iron_ore_62fe,104.58
2024-03-18,rebar_turkey_fob,585.0
2024-03-18,rebar_uae_exworks,2545.0
2024-03-18,scrap_hms12_turkey,378.5
2024-03-19,billet_cis_fob,495.0
2024-03-19,billet_gcc_cfr,519.0
2024-03-19,billet_saudi_exworks,547.3333333333334
2024-03-19,coke_lvliang_china,252.00000000000003
2024-03-19,coke_rizhao_china,277.20000000000005
2024-03-19,coking_coal_australia,265.18
2024-03-19,iron_ore_62fe,109.19
2024-03-19,rebar_turkey_fob,585.0
2024-03-19,rebar_uae_exworks,2545.0
2024-03-19,scrap_hms12_turkey,379.0
2024-03-20,billet_cis_fob,495.0
2024-03-20,billet_gcc_cfr,519.0
2024-03-20,billet_saudi_exworks,547.3333333333334
2024-03-20,coke_lvliang_china,252.00000000000003
2024-03-20,coke_rizhao_china,277.20000000000005
2024-03-20,coking_coal_australia,265.18
2024-03-20,iron_ore_62fe,107.75
2024-03-20,rebar_turkey_fob,587.5
2024-03-20,rebar_uae_exworks,2545.0
2024-03-20,scrap_hms12_turkey,380.0
2024-03-21,billet_cis_fob,495.0
2024-03-21,billet_gcc_cfr,519.0
2024-03-21,billet_saudi_exworks,547.3333333333334
2024-03-21,coke_lvliang_china,252.00000000000003
2024-03-21,coke_rizhao_china,277.20000000000005
2024-03-21,coking_coal_australia,265.18
2024-03-21,iron_ore_62fe,110.71
2024-03-21,rebar_turkey_fob,590.0
2024-03-21,rebar_uae_exworks,2545.0
2024-03-21,scrap_hms12_turkey,382.0
2024-03-22,billet_cis_fob,495.0
2024-03-22,billet_gcc_cfr,520.0
2024-03-22,billet_saudi_exworks,545.3333333333334
2024-03-22,coke_lvliang_china,238.00000000000003
2024-03-22,coke_rizhao_china,268.8
2024-03-22,coking_coal_australia,245.22
2024-03-22,iron_ore_62fe,109.38
2024-03-22,rebar_turkey_fob,592.5
2024-03-22,rebar_uae_exworks,2545.0
2024-03-22,scrap_hms12_turkey,382.5
2024-03-23,billet_cis_fob,495.0
2024-03-23,billet_gcc_cfr,520.0
2024-03-23,billet_saudi_exworks,545.3333333333334
2024-03-23,coke_lvliang_china,238.00000000000003
2024-03-23,coke_rizhao_china,268.8
2024-03-23,coking_coal_australia,245.22
2024-03-23,iron_ore_62fe,109.38
2024-03-23,rebar_turkey_fob,592.5
2024-03-23,rebar_uae_exworks,2545.0
2024-03-23,scrap_hms12_turkey,382.5
2024-03-24,billet_cis_fob,495.0
2024-03-24,billet_gcc_cfr,520.0
2024-03-24,billet_saudi_exworks,545.3333333333334
2024-03-24,coke_lvliang_china,238.00000000000003
2024-03-24,coke_rizhao_china,268.8
2024-03-24,coking_coal_australia,245.22
2024-03-24,iron_ore_62fe,109.38
2024-03-24,rebar_turkey_fob,592.5
2024-03-24,rebar_uae_exworks,2545.0
2024-03-24,scrap_hms12_turkey,382.5
2024-03-25,billet_cis_fob,495.0
2024-03-25,billet_gcc_cfr,520.0
2024-03-25,billet_saudi_exworks,545.3333333333334
2024-03-25,coke_lvliang_china,238.00000000000003
2024-03-25,coke_rizhao_china,268.8
2024-03-25,coking_coal_australia,245.22
2024-03-25,iron_ore_62fe,109.5
2024-03-25,rebar_turkey_fob,595.0
2024-03-25,rebar_uae_exworks,2545.0
2024-03-25,scrap_hms12_turkey,384.5
2024-03-26,billet_cis_fob,495.0
2024-03-26,billet_gcc_cfr,520.0
2024-03-26,billet_saudi_exworks,545.3333333333334
2024-03-26,coke_lvliang_china,238.00000000000003
2024-03-26,coke_rizhao_china,268.8
2024-03-26,coking_coal_australia,245.22
2024-03-26,iron_ore_62fe,105.81
2024-03-26,rebar_turkey_fob,595.0
2024-03-26,rebar_uae_exworks,2545.0
2024-03-26,scrap_hms12_turkey,390.0
2024-03-27,billet_cis_fob,495.0
2024-03-27,billet_gcc_cfr,520.0
2024-03-27,billet_saudi_exworks,545.3333333333334
2024-03-27,coke_lvliang_china,238.00000000000003
2024-03-27,coke_rizhao_china,268.8
2024-03-27,coking_coal_australia,245.22
2024-03-27,iron_ore_62fe,102.32
2024-03-27,rebar_turkey_fob,595.0
2024-03-27,rebar_uae_exworks,2545.0
2024-03-27,scrap_hms12_turkey,389.0
2024-03-28,billet_cis_fob,495.0
2024-03-28,billet_gcc_cfr,520.0
2024-03-28,billet_saudi_exworks,545.3333333333334
2024-03-28,coke_lvliang_china,238.00000000000003
2024-03-28,coke_rizhao_china,268.8
2024-03-28,coking_coal_australia,245.22
2024-03-28,iron_ore_62fe,103.51
2024-03-28,rebar_turkey_fob,595.0
2024-03-28,rebar_uae_exworks,2545.0
2024-03-28,scrap_hms12_turkey,389.0
2024-03-29,billet_cis_fob,497.5
2024-03-29,billet_gcc_cfr,517.5
2024-03-29,billet_saudi_exworks,541.3333333333334
2024-03-29,coke_lvliang_china,224.00000000000003
2024-03-29,coke_rizhao_china,254.8
2024-03-29,coking_coal_australia,244.74
2024-03-29,iron_ore_62fe,103.74
2024-03-29,rebar_turkey_fob,595.0
2024-03-29,rebar_uae_exworks,2537.5
2024-03-29,scrap_hms12_turkey,388.5
2024-03-30,billet_cis_fob,497.5
2024-03-30,billet_gcc_cfr,517.5
2024-03-30,billet_saudi_exworks,541.3333333333334
2024-03-30,coke_lvliang_china,224.00000000000003
2024-03-30,coke_rizhao_china,254.8
2024-03-30,coking_coal_australia,244.74
2024-03-30,iron_ore_62fe,103.74
2024-03-30,rebar_turkey_fob,595.0
2024-03-30,rebar_uae_exworks,2537.5
2024-03-30,scrap_hms12_turkey,388.5
2024-03-31,billet_cis_fob,497.5
2024-03-31,billet_gcc_cfr,517.5
2024-03-31,billet_saudi_exworks,541.3333333333334
2024-03-31,coke_lvliang_china,224.00000000000003
2024-03-31,coke_rizhao_china,254.8
2024-03-31,coking_coal_australia,244.74
2024-03-31,iron_ore_62fe,103.74
2024-03-31,rebar_turkey_fob,595.0
2024-03-31,rebar_uae_exworks,2537.5
2024-03-31,scrap_hms12_turkey,388.5
2024-04-01,billet_cis_fob,497.5
2024-04-01,billet_gcc_cfr,517.5
2024-04-01,billet_saudi_exworks,541.3333333333334
2024-04-01,coke_lvliang_china,224.00000000000003
2024-04-01,coke_rizhao_china,254.8
2024-04-01,coking_coal_australia,244.74
2024-04-01,iron_ore_62fe,102.18
2024-04-01,rebar_turkey_fob,595.0
2024-04-01,rebar_uae_exworks,2537.5
2024-04-01,scrap_hms12_turkey,388.5
2024-04-02,billet_cis_fob,497.5
2024-04-02,billet_gcc_cfr,517.5
2024-04-02,billet_saudi_exworks,541.3333333333334
2024-04-02,coke_lvliang_china,224.00000000000003
2024-04-02,coke_rizhao_china,254.8
2024-04-02,coking_coal_australia,244.74
2024-04-02,iron_ore_62fe,103.5
2024-04-02,rebar_turkey_fob,595.0
2024-04-02,rebar_uae_exworks,2537.5
2024-04-02,scrap_hms12_turkey,389.0
2024-04-03,billet_cis_fob,497.5
2024-04-03,billet_gcc_cfr,517.5
2024-04-03,billet_saudi_exworks,541.3333333333334
2024-04-03,coke_lvliang_china,224.00000000000003
2024-04-03,coke_rizhao_china,254.8
2024-04-03,coking_coal_australia,244.74
2024-04-03,iron_ore_62fe,98.35
2024-04-03,rebar_turkey_fob,595.0
2024-04-03,rebar_uae_exworks,2537.5
2024-04-03,scrap_hms12_turkey,389.0
2024-04-04,billet_cis_fob,497.5
2024-04-04,billet_gcc_cfr,517.5
2024-04-04,billet_saudi_exworks,541.3333333333334
2024-04-04,coke_lvliang_china,224.00000000000003
2024-04-04,coke_rizhao_china,254.8
2024-04-04,coking_coal_australia,244.74
2024-04-04,iron_ore_62fe,97.93
2024-04-04,rebar_turkey_fob,592.5
2024-04-04,rebar_uae_exworks,2537.5
2024-04-04,scrap_hms12_turkey,384.0
2024-04-05,billet_cis_fob,496.0
2024-04-05,billet_gcc_cfr,509.0
2024-04-05,billet_saudi_exworks,544.0
2024-04-05,coke_lvliang_china,224.00000000000003
2024-04-05,coke_rizhao_china,254.8
2024-04-05,coking_coal_australia,229.22
2024-04-05,iron_ore_62fe,98.25
2024-04-05,rebar_turkey_fob,590.0
2024-04-05,rebar_uae_exworks,2537.5
2024-04-05,scrap_hms12_turkey,384.0
2024-04-06,billet_cis_fob,496.0
2024-04-06,billet_gcc_cfr,509.0
2024-04-06,billet_saudi_exworks,544.0
2024-04-06,coke_lvliang_china,224.00000000000003
2024-04-06,coke_rizhao_china,254.8
2024-04-06,coking_coal_australia,229.22
2024-04-06,iron_ore_62fe,98.25
2024-04-06,rebar_turkey_fob,590.0
2024-04-06,rebar_uae_exworks,2537.5
2024-04-06,scrap_hms12_turkey,384.0
2024-04-07,billet_cis_fob,496.0
2024-04-07,billet_gcc_cfr,509.0
2024-04-07,billet_saudi_exworks,544.0
2024-04-07,coke_lvliang_china,224.00000000000003
2024-04-07,coke_rizhao_china,254.8
2024-04-07,coking_coal_australia,229.22
2024-04-07,iron_ore_62fe,98.25
2024-04-07,rebar_turkey_fob,590.0
2024-04-07,rebar_uae_exworks,2537.5
2024-04-07,scrap_hms12_turkey,384.0
2024-04-08,billet_cis_fob,496.0
2024-04-08,billet_gcc_cfr,509.0
2024-04-08,billet_saudi_exworks,544.0
2024-04-08,coke_lvliang_china,224.00000000000003
2024-04-08,coke_rizhao_china,254.8
2024-04-08,coking_coal_australia,229.22
2024-04-08,iron_ore_62fe,103.89
2024-04-08,rebar_turkey_fob,590.0
2024-04-08,rebar_uae_exworks,2537.5
2024-04-08,scrap_hms12_turkey,384.0
2024-04-09,billet_cis_fob,496.0
2024-04-09,billet_gcc_cfr,509.0
2024-04-09,billet_saudi_exworks,544.0
2024-04-09,coke_lvliang_china,224.00000000000003
2024-04-09,coke_rizhao_china,254.8
2024-04-09,coking_coal_australia,229.22
2024-04-09,iron_ore_62fe,108.03
2024-04-09,rebar_turkey_fob,590.0
2024-04-09,rebar_uae_exworks,2537.5
2024-04-09,scrap_hms12_turkey,384.0
2024-04-10,billet_cis_fob,496.0
2024-04-10,billet_gcc_cfr,509.0
2024-04-10,billet_saudi_exworks,544.0
2024-04-10,coke_lvliang_china,224.00000000000003
2024-04-10,coke_rizhao_china,254.8
2024-04-10,coking_coal_australia,229.22
2024-04-10,iron_ore_62fe,107.53
2024-04-10,rebar_turkey_fob,590.0
2024-04-10,rebar_uae_exworks,2537.5
2024-04-10,scrap_hms12_turkey,384.0
2024-04-11,billet_cis_fob,496.0
2024-04-11,billet_gcc_cfr,509.0
2024-04-11,billet_saudi_exworks,544.0
2024-04-11,coke_lvliang_china,224.00000000000003
2024-04-11,coke_rizhao_china,254.8
2024-04-11,coking_coal_australia,229.22
2024-04-11,iron_ore_62fe,107.51
2024-04-11,rebar_turkey_fob,590.0
2024-04-11,rebar_uae_exworks,2537.5
2024-04-11,scrap_hms12_turkey,384.0
2024-04-12,billet_cis_fob,496.0
2024-04-12,billet_gcc_cfr,512.5
2024-04-12,billet_saudi_exworks,530.6666666666666
2024-04-12,coke_lvliang_china,210.00000000000003
2024-04-12,coke_rizhao_china,259.0
2024-04-12,coking_coal_australia,228.83
2024-04-12,iron_ore_62fe,111.31
2024-04-12,rebar_turkey_fob,590.0
2024-04-12,rebar_uae_exworks,2537.5
2024-04-12,scrap_hms12_turkey,384.0
2024-04-13,billet_cis_fob,496.0
2024-04-13,billet_gcc_cfr,512.5
2024-04-13,billet_saudi_exworks,530.6666666666666
2024-04-13,coke_lvliang_china,210.00000000000003
2024-04-13,coke_rizhao_china,259.0
2024-04-13,coking_coal_australia,228.83
2024-04-13,iron_ore_62fe,111.31
2024-04-13,rebar_turkey_fob,590.0
2024-04-13,rebar_uae_exworks,2537.5
2024-04-13,scrap_hms12_turkey,384.0
2024-04-14,billet_cis_fob,496.0
2024-04-14,billet_gcc_cfr,512.5
2024-04-14,billet_saudi_exworks,530.6666666666666
2024-04-14,coke_lvliang_china,210.00000000000003
2024-04-14,coke_rizhao_china,259.0
2024-04-14,coking_coal_australia,228.83
2024-04-14,iron_ore_62fe,111.31
2024-04-14,rebar_turkey_fob,590.0
2024-04-14,rebar_uae_exworks,2537.5
2024-04-14,scrap_hms12_turkey,384.0
2024-04-15,billet_cis_fob,496.0
2024-04-15,billet_gcc_cfr,512.5
2024-04-15,billet_saudi_exworks,530.6666666666666
2024-04-15,coke_lvliang_china,210.00000000000003
2024-04-15,coke_rizhao_china,259.0
2024-04-15,coking_coal_australia,228.83
2024-04-15,iron_ore_62fe,111.19
2024-04-15,rebar_turkey_fob,590.0
2024-04-15,rebar_uae_exworks,2537.5
2024-04-15,scrap_hms12_turkey,384.0
2024-04-16,billet_cis_fob,496.0
2024-04-16,billet_gcc_cfr,512.5
2024-04-16,billet_saudi_exworks,530.6666666666666
2024-04-16,coke_lvliang_china,210.00000000000003
2024-04-16,coke_rizhao_china,259.0
2024-04-16,coking_coal_australia,228.83
2024-04-16,iron_ore_62fe,109.86
2024-04-16,rebar_turkey_fob,589.0
2024-04-16,rebar_uae_exworks,2537.5
2024-04-16,scrap_hms12_turkey,383.5
2024-04-17,billet_cis_fob,496.0
2024-04-17,billet_gcc_cfr,512.5
2024-04-17,billet_saudi_exworks,530.6666666666666
2024-04-17,coke_lvliang_china,210.00000000000003
2024-04-17,coke_rizhao_china,259.0
2024-04-17,coking_coal_australia,228.83
2024-04-17,iron_ore_62fe,115.29
2024-04-17,rebar_turkey_fob,587.5
2024-04-17,rebar_uae_exworks,2537.5
2024-04-17,scrap_hms12_turkey,383.5
2024-04-18,billet_cis_fob,496.0
2024-04-18,billet_gcc_cfr,512.5
2024-04-18,billet_saudi_exworks,530.6666666666666
2024-04-18,coke_lvliang_china,210.00000000000003
2024-04-18,coke_rizhao_china,259.0
2024-04-18,coking_coal_australia,228.83
2024-04-18,iron_ore_62fe,115.82
2024-04-18,rebar_turkey_fob,587.5
2024-04-18,rebar_uae_exworks,2537.5
2024-04-18,scrap_hms12_turkey,384.0
2024-04-19,billet_cis_fob,493.5
2024-04-19,billet_gcc_cfr,512.5
2024-04-19,billet_saudi_exworks,530.6666666666666
2024-04-19,coke_lvliang_china,224.00000000000003
2024-04-19,coke_rizhao_china,277.20000000000005
2024-04-19,coking_coal_australia,266.2
2024-04-19,iron_ore_62fe,115.29
2024-04-19,rebar_turkey_fob,585.0
2024-04-19,rebar_uae_exworks,2537.5
2024-04-19,scrap_hms12_turkey,384.5
2024-04-20,billet_cis_fob,493.5
2024-04-20,billet_gcc_cfr,512.5
2024-04-20,billet_saudi_exworks,530.6666666666666
2024-04-20,coke_lvliang_china,224.00000000000003
2024-04-20,coke_rizhao_china,277.20000000000005
2024-04-20,coking_coal_australia,266.2
2024-04-20,iron_ore_62fe,115.29
2024-04-20,rebar_turkey_fob,585.0
2024-04-20,rebar_uae_exworks,2537.5
2024-04-20,scrap_hms12_turkey,384.5
2024-04-21,billet_cis_fob,493.5
2024-04-21,billet_gcc_cfr,512.5
2024-04-21,billet_saudi_exworks,530.6666666666666
2024-04-21,coke_lvliang_china,224.00000000000003
2024-04-21,coke_rizhao_china,277.20000000000005
2024-04-21,coking_coal_australia,266.2
2024-04-21,iron_ore_62fe,115.29
2024-04-21,rebar_turkey_fob,585.0
2024-04-21,rebar_uae_exworks,2537.5
2024-04-21,scrap_hms12_turkey,384.5
2024-04-22,billet_cis_fob,493.5
2024-04-22,billet_gcc_cfr,512.5
2024-04-22,billet_saudi_exworks,530.6666666666666
2024-04-22,coke_lvliang_china,224.00000000000003
2024-04-22,coke_rizhao_china,277.20000000000005
2024-04-22,coking_coal_australia,266.2
2024-04-22,iron_ore_62fe,115.66
2024-04-22,rebar_turkey_fob,585.0
2024-04-22,rebar_uae_exworks,2537.5
2024-04-22,scrap_hms12_turkey,384.0
2024-04-23,billet_cis_fob,493.5
2024-04-23,billet_gcc_cfr,512.5
2024-04-23,billet_saudi_exworks,530.6666666666666
2024-04-23,coke_lvliang_china,224.00000000000003
2024-04-23,coke_rizhao_china,277.20000000000005
2024-04-23,coking_coal_australia,266.2
2024-04-23,iron_ore_62fe,112.41
2024-04-23,rebar_turkey_fob,587.5
2024-04-23,rebar_uae_exworks,2537.5
2024-04-23,scrap_hms12_turkey,386.75
2024-04-24,billet_cis_fob,493.5
2024-04-24,billet_gcc_cfr,512.5
2024-04-24,billet_saudi_exworks,530.6666666666666
2024-04-24,coke_lvliang_china,224.00000000000003
2024-04-24,coke_rizhao_china,277.20000000000005
2024-04-24,coking_coal_australia,266.2
2024-04-24,iron_ore_62fe,117.66
2024-04-24,rebar_turkey_fob,587.5
2024-04-24,rebar_uae_exworks,2537.5
2024-04-24,scrap_hms12_turkey,386.75
2024-04-25,billet_cis_fob,493.5
2024-04-25,billet_gcc_cfr,512.5
2024-04-25,billet_saudi_exworks,530.6666666666666
2024-04-25,coke_lvliang_china,224.00000000000003
2024-04-25,coke_rizhao_china,277.20000000000005
2024-04-25,coking_coal_australia,266.2
2024-04-25,iron_ore_62fe,117.55
2024-04-25,rebar_turkey_fob,587.5
2024-04-25,rebar_uae_exworks,2537.5
2024-04-25,scrap_hms12_turkey,386.75
2024-04-26,billet_cis_fob,495.0
2024-04-26,billet_gcc_cfr,517.5
2024-04-26,billet_saudi_exworks,538.6666666666666
2024-04-26,coke_lvliang_china,238.00000000000003
2024-04-26,coke_rizhao_china,284.20000000000005
2024-04-26,coking_coal_australia,248.96
2024-04-26,iron_ore_62fe,116.68
2024-04-26,rebar_turkey_fob,587.5
2024-04-26,rebar_uae_exworks,2537.5
2024-04-26,scrap_hms12_turkey,386.5
2024-04-27,billet_cis_fob,495.0
2024-04-27,billet_gcc_cfr,517.5
2024-04-27,billet_saudi_exworks,538.6666666666666
2024-04-27,coke_lvliang_china,238.00000000000003
2024-04-27,coke_rizhao_china,284.20000000000005
2024-04-27,coking_coal_australia,248.96
2024-04-27,iron_ore_62fe,116.68
2024-04-27,rebar_turkey_fob,587.5
2024-04-27,rebar_uae_exworks,2537.5
2024-04-27,scrap_hms12_turkey,386.5
2024-04-28,billet_cis_fob,495.0
2024-04-28,billet_gcc_cfr,517.5
2024-04-28,billet_saudi_exworks,538.6666666666666
2024-04-28,coke_lvliang_china,238.00000000000003
2024-04-28,coke_rizhao_china,284.20000000000005
2024-04-28,coking_coal_australia,248.96
2024-04-28,iron_ore_62fe,116.68
2024-04-28,rebar_turkey_fob,587.5
2024-04-28,rebar_uae_exworks,2537.5
2024-04-28,scrap_hms12_turkey,386.5
2024-04-29,billet_cis_fob,495.0
2024-04-29,billet_gcc_cfr,517.5
2024-04-29,billet_saudi_exworks,538.6666666666666
2024-04-29,coke_lvliang_china,238.00000000000003
2024-04-29,coke_rizhao_china,284.20000000000005
2024-04-29,coking_coal_australia,248.96
2024-04-29,iron_ore_62fe,115.83
2024-04-29,rebar_turkey_fob,585.0
2024-04-29,rebar_uae_exworks,2537.5
2024-04-29,scrap_hms12_turkey,384.5
2024-04-30,billet_cis_fob,495.0
2024-04-30,billet_gcc_cfr,517.5
2024-04-30,billet_saudi_exworks,538.6666666666666
2024-04-30,coke_lvliang_china,238.00000000000003
2024-04-30,coke_rizhao_china,284.20000000000005
2024-04-30,coking_coal_australia,248.96
2024-04-30,iron_ore_62fe,115.54
2024-04-30,rebar_turkey_fob,585.0
2024-04-30,rebar_uae_exworks,2485.0
2024-04-30,scrap_hms12_turkey,384.5
2024-05-01,billet_cis_fob,495.0
2024-05-01,billet_gcc_cfr,517.5
2024-05-01,billet_saudi_exworks,538.6666666666666
2024-05-01,coke_lvliang_china,238.00000000000003
2024-05-01,coke_rizhao_china,284.20000000000005
2024-05-01,coking_coal_australia,248.96
2024-05-01,iron_ore_62fe,113.39
2024-05-01,rebar_turkey_fob,585.0
2024-05-01,rebar_uae_exworks,2485.0
2024-05-01,scrap_hms12_turkey,384.5
2024-05-02,billet_cis_fob,495.0
2024-05-02,billet_gcc_cfr,517.5
2024-05-02,billet_saudi_exworks,538.6666666666666
2024-05-02,coke_lvliang_china,238.00000000000003
2024-05-02,coke_rizhao_china,284.20000000000005
2024-05-02,coking_coal_australia,248.96
2024-05-02,iron_ore_62fe,117.09
2024-05-02,rebar_turkey_fob,585.0
2024-05-02,rebar_uae_exworks,2485.0
2024-05-02,scrap_hms12_turkey,384.5
2024-05-03,billet_cis_fob,495.0
2024-05-03,billet_gcc_cfr,522.5
2024-05-03,billet_saudi_exworks,530.6666666666666
2024-05-03,coke_lvliang_china,259.0
2024-05-03,coke_rizhao_china,284.20000000000005
2024-05-03,coking_coal_australia,247.49
2024-05-03,iron_ore_62fe,117.09
2024-05-03,rebar_turkey_fob,585.0
2024-05-03,rebar_uae_exworks,2485.0
2024-05-03,scrap_hms12_turkey,383.0
2024-05-04,billet_cis_fob,495.0
2024-05-04,billet_gcc_cfr,522.5
2024-05-04,billet_saudi_exworks,530.6666666666666
2024-05-04,coke_lvliang_china,259.0
2024-05-04,coke_rizhao_china,284.20000000000005
2024-05-04,coking_coal_australia,247.49
2024-05-04,iron_ore_62fe,117.09
2024-05-04,rebar_turkey_fob,585.0
2024-05-04,rebar_uae_exworks,2485.0
2024-05-04,scrap_hms12_turkey,383.0
2024-05-05,billet_cis_fob,495.0
2024-05-05,billet_gcc_cfr,522.5
2024-05-05,billet_saudi_exworks,530.6666666666666
2024-05-05,coke_lvliang_china,259.0
2024-05-05,coke_rizhao_china,284.20000000000005
2024-05-05,coking_coal_australia,247.49
2024-05-05,iron_ore_62fe,117.09
2024-05-05,rebar_turkey_fob,585.0
2024-05-05,rebar_uae_exworks,2485.0
2024-05-05,scrap_hms12_turkey,383.0
2024-05-06,billet_cis_fob,495.0
2024-05-06,billet_gcc_cfr,522.5
2024-05-06,billet_saudi_exworks,530.6666666666666
2024-05-06,coke_lvliang_china,259.0
2024-05-06,coke_rizhao_china,284.20000000000005
2024-05-06,coking_coal_australia,247.49
2024-05-06,iron_ore_62fe,119.5
2024-05-06,rebar_turkey_fob,585.0
2024-05-06,rebar_uae_exworks,2485.0
2024-05-06,scrap_hms12_turkey,383.0
2024-05-07,billet_cis_fob,495.0
2024-05-07,billet_gcc_cfr,522.5
2024-05-07,billet_saudi_exworks,530.6666666666666
2024-05-07,coke_lvliang_china,259.0
2024-05-07,coke_rizhao_china,284.20000000000005
2024-05-07,coking_coal_australia,247.49
2024-05-07,iron_ore_62fe,118.34
2024-05-07,rebar_turkey_fob,585.0
2024-05-07,rebar_uae_exworks,2485.0
2024-05-07,scrap_hms12_turkey,383.0
2024-05-08,billet_cis_fob,495.0
2024-05-08,billet_gcc_cfr,522.5
2024-05-08,billet_saudi_exworks,530.6666666666666
2024-05-08,coke_lvliang_china,259.0
2024-05-08,coke_rizhao_china,284.20000000000005
2024-05-08,coking_coal_australia,247.49
2024-05-08,iron_ore_62fe,115.77
2024-05-08,rebar_turkey_fob,584.0
2024-05-08,rebar_uae_exworks,2485.0
2024-05-08,scrap_hms12_turkey,382.5
2024-05-09,billet_cis_fob,495.0
2024-05-09,billet_gcc_cfr,522.5
2024-05-09,billet_saudi_exworks,530.6666666666666
2024-05-09,coke_lvliang_china,259.0
2024-05-09,coke_rizhao_china,284.20000000000005
2024-05-09,coking_coal_australia,247.49
2024-05-09,iron_ore_62fe,115.92
2024-05-09,rebar_turkey_fob,584.0
2024-05-09,rebar_uae_exworks,2485.0
2024-05-09,scrap_hms12_turkey,381.0
2024-05-10,billet_cis_fob,497.0
2024-05-10,billet_gcc_cfr,507.5
2024-05-10,billet_saudi_exworks,537.3333333333334
2024-05-10,coke_lvliang_china,266.0
2024-05-10,coke_rizhao_china,273.0
2024-05-10,coking_coal_australia,251.73
2024-05-10,iron_ore_62fe,116.49
2024-05-10,rebar_turkey_fob,582.5
2024-05-10,rebar_uae_exworks,2485.0
2024-05-10,scrap_hms12_turkey,380.0
2024-05-11,billet_cis_fob,497.0
2024-05-11,billet_gcc_cfr,507.5
2024-05-11,billet_saudi_exworks,537.3333333333334
2024-05-11,coke_lvliang_china,266.0
2024-05-11,coke_rizhao_china,273.0
2024-05-11,coking_coal_australia,251.73
2024-05-11,iron_ore_62fe,116.49
2024-05-11,rebar_turkey_fob,582.5
2024-05-11,rebar_uae_exworks,2485.0
2024-05-11,scrap_hms12_turkey,380.0
2024-05-12,billet_cis_fob,497.0
2024-05-12,billet_gcc_cfr,507.5
2024-05-12,billet_saudi_exworks,537.3333333333334
2024-05-12,coke_lvliang_china,266.0
2024-05-12,coke_rizhao_china,273.0
2024-05-12,coking_coal_australia,251.73
2024-05-12,iron_ore_62fe,116.49
2024-05-12,rebar_turkey_fob,582.5
2024-05-12,rebar_uae_exworks,2485.0
2024-05-12,scrap_hms12_turkey,380.0
2024-05-13,billet_cis_fob,497.0
2024-05-13,billet_gcc_cfr,507.5
2024-05-13,billet_saudi_exworks,537.3333333333334
2024-05-13,coke_lvliang_china,266.0
2024-05-13,coke_rizhao_china,273.0
2024-05-13,coking_coal_australia,251.73
2024-05-13,iron_ore_62fe,116.77
2024-05-13,rebar_turkey_fob,582.5
2024-05-13,rebar_uae_exworks,2485.0
2024-05-13,scrap_hms12_turkey,380.0
2024-05-14,billet_cis_fob,497.0
2024-05-14,billet_gcc_cfr,507.5
2024-05-14,billet_saudi_exworks,537.3333333333334
2024-05-14,coke_lvliang_china,266.0
2024-05-14,coke_rizhao_china,273.0
2024-05-14,coking_coal_australia,251.73
2024-05-14,iron_ore_62fe,114.11
2024-05-14,rebar_turkey_fob,582.5
2024-05-14,rebar_uae_exworks,2485.0
2024-05-14,scrap_hms12_turkey,380.0
2024-05-15,billet_cis_fob,497.0
2024-05-15,billet_gcc_cfr,507.5
2024-05-15,billet_saudi_exworks,537.3333333333334
2024-05-15,coke_lvliang_china,266.0
2024-05-15,coke_rizhao_china,273.0
2024-05-15,coking_coal_australia,251.73
2024-05-15,iron_ore_62fe,114.7
2024-05-15,rebar_turkey_fob,580.0
2024-05-15,rebar_uae_exworks,2485.0
2024-05-15,scrap_hms12_turkey,380.0
2024-05-16,billet_cis_fob,497.0
2024-05-16,billet_gcc_cfr,507.5
2024-05-16,billet_saudi_exworks,537.3333333333334
2024-05-16,coke_lvliang_china,266.0
2024-05-16,coke_rizhao_china,273.0
2024-05-16,coking_coal_australia,251.73
2024-05-16,iron_ore_62fe,117.31
2024-05-16,rebar_turkey_fob,577.5
2024-05-16,rebar_uae_exworks,2485.0
2024-05-16,scrap_hms12_turkey,380.0
2024-05-17,billet_cis_fob,500.0
2024-05-17,billet_gcc_cfr,500.0
2024-05-17,billet_saudi_exworks,538.6666666666666
2024-05-17,coke_lvliang_china,266.0
2024-05-17,coke_rizhao_china,274.40000000000003
2024-05-17,coking_coal_australia,247.22
2024-05-17,iron_ore_62fe,118.53
2024-05-17,rebar_turkey_fob,577.5
2024-05-17,rebar_uae_exworks,2485.0
2024-05-17,scrap_hms12_turkey,380.5
2024-05-18,billet_cis_fob,500.0
2024-05-18,billet_gcc_cfr,500.0
2024-05-18,billet_saudi_exworks,538.6666666666666
2024-05-18,coke_lvliang_china,266.0
2024-05-18,coke_rizhao_china,274.40000000000003
2024-05-18,coking_coal_australia,247.22
2024-05-18,iron_ore_62fe,118.53
2024-05-18,rebar_turkey_fob,577.5
2024-05-18,rebar_uae_exworks,2485.0
2024-05-18,scrap_hms12_turkey,380.5
2024-05-19,billet_cis_fob,500.0
2024-05-19,billet_gcc_cfr,500.0
2024-05-19,billet_saudi_exworks,538.6666666666666
2024-05-19,coke_lvliang_china,266.0
2024-05-19,coke_rizhao_china,274.40000000000003
2024-05-19,coking_coal_australia,247.22
2024-05-19,iron_ore_62fe,118.53
2024-05-19,rebar_turkey_fob,577.5
2024-05-19,rebar_uae_exworks,2485.0
2024-05-19,scrap_hms12_turkey,380.5
2024-05-20,billet_cis_fob,500.0
2024-05-20,billet_gcc_cfr,500.0
2024-05-20,billet_saudi_exworks,538.6666666666666
2024-05-20,coke_lvliang_china,266.0
2024-05-20,coke_rizhao_china,274.40000000000003
2024-05-20,coking_coal_australia,247.22
2024-05-20,iron_ore_62fe,119.14
2024-05-20,rebar_turkey_fob,577.5
2024-05-20,rebar_uae_exworks,2485.0
2024-05-20,scrap_hms12_turkey,380.0
2024-05-21,billet_cis_fob,500.0
2024-05-21,billet_gcc_cfr,500.0
2024-05-21,billet_saudi_exworks,538.6666666666666
2024-05-21,coke_lvliang_china,266.0
2024-05-21,coke_rizhao_china,274.40000000000003
2024-05-21,coking_coal_australia,247.22
2024-05-21,iron_ore_62fe,119.18
2024-05-21,rebar_turkey_fob,577.5
2024-05-21,rebar_uae_exworks,2485.0
2024-05-21,scrap_hms12_turkey,380.0
2024-05-22,billet_cis_fob,500.0
2024-05-22,billet_gcc_cfr,500.0
2024-05-22,billet_saudi_exworks,538.6666666666666
2024-05-22,coke_lvliang_china,266.0
2024-05-22,coke_rizhao_china,274.40000000000003
2024-05-22,coking_coal_australia,247.22
2024-05-22,iron_ore_62fe,119.44
2024-05-22,rebar_turkey_fob,575.0
2024-05-22,rebar_uae_exworks,2485.0
2024-05-22,scrap_hms12_turkey,379.5
2024-05-23,billet_cis_fob,500.0
2024-05-23,billet_gcc_cfr,500.0
2024-05-23,billet_saudi_exworks,538.6666666666666
2024-05-23,coke_lvliang_china,266.0
2024-05-23,coke_rizhao_china,274.40000000000003
2024-05-23,coking_coal_australia,247.22
2024-05-23,iron_ore_62fe,119.88
2024-05-23,rebar_turkey_fob,575.0
2024-05-23,rebar_uae_exworks,2485.0
2024-05-23,scrap_hms12_turkey,378.75
2024-05-24,billet_cis_fob,497.5
2024-05-24,billet_gcc_cfr,492.5
2024-05-24,billet_saudi_exworks,538.6666666666666
2024-05-24,coke_lvliang_china,252.00000000000003
2024-05-24,coke_rizhao_china,284.20000000000005
2024-05-24,coking_coal_australia,251.02
2024-05-24,iron_ore_62fe,121.54
2024-05-24,rebar_turkey_fob,575.0
2024-05-24,rebar_uae_exworks,2485.0
2024-05-24,scrap_hms12_turkey,378.75
2024-05-25,billet_cis_fob,497.5
2024-05-25,billet_gcc_cfr,492.5
2024-05-25,billet_saudi_exworks,538.6666666666666
2024-05-25,coke_lvliang_china,252.00000000000003
2024-05-25,coke_rizhao_china,284.20000000000005
2024-05-25,coking_coal_australia,251.02
2024-05-25,iron_ore_62fe,121.54
2024-05-25,rebar_turkey_fob,575.0
2024-05-25,rebar_uae_exworks,2485.0
2024-05-25,scrap_hms12_turkey,378.75
2024-05-26,billet_cis_fob,497.5
2024-05-26,billet_gcc_cfr,492.5
2024-05-26,billet_saudi_exworks,538.6666666666666
2024-05-26,coke_lvliang_china,252.00000000000003
2024-05-26,coke_rizhao_china,284.20000000000005
2024-05-26,coking_coal_australia,251.02
2024-05-26,iron_ore_62fe,121.54
2024-05-26,rebar_turkey_fob,575.0
2024-05-26,rebar_uae_exworks,2485.0
2024-05-26,scrap_hms12_turkey,378.75
2024-05-27,billet_cis_fob,497.5
2024-05-27,billet_gcc_cfr,492.5
2024-05-27,billet_saudi_exworks,538.6666666666666
2024-05-27,coke_lvliang_china,252.00000000000003
2024-05-27,coke_rizhao_china,284.20000000000005
2024-05-27,coking_coal_australia,251.02
2024-05-27,iron_ore_62fe,119.14
2024-05-27,rebar_turkey_fob,575.0
2024-05-27,rebar_uae_exworks,2485.0
2024-05-27,scrap_hms12_turkey,378.75
2024-05-28,billet_cis_fob,497.5
2024-05-28,billet_gcc_cfr,492.5
2024-05-28,billet_saudi_exworks,538.6666666666666
2024-05-28,coke_lvliang_china,252.00000000000003
2024-05-28,coke_rizhao_china,284.20000000000005
2024-05-28,coking_coal_australia,251.02
2024-05-28,iron_ore_62fe,118.11
2024-05-28,rebar_turkey_fob,575.0
2024-05-28,rebar_uae_exworks,2485.0
2024-05-28,scrap_hms12_turkey,378.75
2024-05-29,billet_cis_fob,497.5
2024-05-29,billet_gcc_cfr,492.5
2024-05-29,billet_saudi_exworks,538.6666666666666
2024-05-29,coke_lvliang_china,252.00000000000003
2024-05-29,coke_rizhao_china,284.20000000000005
2024-05-29,coking_coal_australia,251.02
2024-05-29,iron_ore_62fe,119.24
2024-05-29,rebar_turkey_fob,575.0
2024-05-29,rebar_uae_exworks,2485.0
2024-05-29,scrap_hms12_turkey,378.75
2024-05-30,billet_cis_fob,497.5
2024-05-30,billet_gcc_cfr,492.5
2024-05-30,billet_saudi_exworks,538.6666666666666
2024-05-30,coke_lvliang_china,252.00000000000003
2024-05-30,coke_rizhao_china,284.20000000000005
2024-05-30,coking_coal_australia,251.02
2024-05-30,iron_ore_62fe,116.11
2024-05-30,rebar_turkey_fob,577.5
2024-05-30,rebar_uae_exworks,2485.0
2024-05-30,scrap_hms12_turkey,380.0
2024-05-31,billet_cis_fob,497.5
2024-05-31,billet_gcc_cfr,513.5
2024-05-31,billet_saudi_exworks,537.3333333333334
2024-05-31,coke_lvliang_china,252.00000000000003
2024-05-31,coke_rizhao_china,280.0
2024-05-31,coking_coal_australia,249.86
2024-05-31,iron_ore_62fe,116.11
2024-05-31,rebar_turkey_fob,577.5
2024-05-31,rebar_uae_exworks,2452.5
2024-05-31,scrap_hms12_turkey,380.0
2024-06-01,billet_cis_fob,497.5
2024-06-01,billet_gcc_cfr,513.5
2024-06-01,billet_saudi_exworks,537.3333333333334
2024-06-01,coke_lvliang_china,252.00000000000003
2024-06-01,coke_rizhao_china,280.0
2024-06-01,coking_coal_australia,249.86
2024-06-01,iron_ore_62fe,116.11
2024-06-01,rebar_turkey_fob,577.5
2024-06-01,rebar_uae_exworks,2452.5
2024-06-01,scrap_hms12_turkey,380.0
2024-06-02,billet_cis_fob,497.5
2024-06-02,billet_gcc_cfr,513.5
2024-06-02,billet_saudi_exworks,537.3333333333334
2024-06-02,coke_lvliang_china,252.00000000000003
2024-06-02,coke_rizhao_china,280.0
2024-06-02,coking_coal_australia,249.86
2024-06-02,iron_ore_62fe,116.11
2024-06-02,rebar_turkey_fob,577.5
2024-06-02,rebar_uae_exworks,2452.5
2024-06-02,scrap_hms12_turkey,380.0
2024-06-03,billet_cis_fob,497.5
2024-06-03,billet_gcc_cfr,513.5
2024-06-03,billet_saudi_exworks,537.3333333333334
2024-06-03,coke_lvliang_china,252.00000000000003
2024-06-03,coke_rizhao_china,280.0
2024-06-03,coking_coal_australia,249.86
2024-06-03,iron_ore_62fe,109.89
2024-06-03,rebar_turkey_fob,577.5
2024-06-03,rebar_uae_exworks,2452.5
2024-06-03,scrap_hms12_turkey,379.5
2024-06-04,billet_cis_fob,497.5
2024-06-04,billet_gcc_cfr,513.5
2024-06-04,billet_saudi_exworks,537.3333333333334
2024-06-04,coke_lvliang_china,252.00000000000003
2024-06-04,coke_rizhao_china,280.0
2024-06-04,coking_coal_australia,249.86
2024-06-04,iron_ore_62fe,107.69
2024-06-04,rebar_turkey_fob,577.5
2024-06-04,rebar_uae_exworks,2452.5
2024-06-04,scrap_hms12_turkey,379.5
2024-06-05,billet_cis_fob,497.5
2024-06-05,billet_gcc_cfr,513.5
2024-06-05,billet_saudi_exworks,537.3333333333334
2024-06-05,coke_lvliang_china,252.00000000000003
2024-06-05,coke_rizhao_china,280.0
2024-06-05,coking_coal_australia,249.86
2024-06-05,iron_ore_62fe,107.96
2024-06-05,rebar_turkey_fob,577.5
2024-06-05,rebar_uae_exworks,2452.5
2024-06-05,scrap_hms12_turkey,379.5
2024-06-06,billet_cis_fob,497.5
2024-06-06,billet_gcc_cfr,513.5
2024-06-06,billet_saudi_exworks,537.3333333333334
2024-06-06,coke_lvliang_china,252.00000000000003
2024-06-06,coke_rizhao_china,280.0
2024-06-06,coking_coal_australia,249.86
2024-06-06,iron_ore_62fe,108.92
2024-06-06,rebar_turkey_fob,577.5
2024-06-06,rebar_uae_exworks,2452.5
2024-06-06,scrap_hms12_turkey,383.5
2024-06-07,billet_cis_fob,499.0
2024-06-07,billet_gcc_cfr,513.5
2024-06-07,billet_saudi_exworks,542.6666666666666
2024-06-07,coke_lvliang_china,252.00000000000003
2024-06-07,coke_rizhao_china,275.8
2024-06-07,coking_coal_australia,253.49
2024-06-07,iron_ore_62fe,109.25
2024-06-07,rebar_turkey_fob,577.5
2024-06-07,rebar_uae_exworks,2452.5
2024-06-07,scrap_hms12_turkey,384.5
2024-06-08,billet_cis_fob,499.0
2024-06-08,billet_gcc_cfr,513.5
2024-06-08,billet_saudi_exworks,542.6666666666666
2024-06-08,coke_lvliang_china,252.00000000000003
2024-06-08,coke_rizhao_china,275.8
2024-06-08,coking_coal_australia,253.49
2024-06-08,iron_ore_62fe,109.25
2024-06-08,rebar_turkey_fob,577.5
2024-06-08,rebar_uae_exworks,2452.5
2024-06-08,scrap_hms12_turkey,384.5
2024-06-09,billet_cis_fob,499.0
2024-06-09,billet_gcc_cfr,513.5
2024-06-09,billet_saudi_exworks,542.6666666666666
2024-06-09,coke_lvliang_china,252.00000000000003
2024-06-09,coke_rizhao_china,275.8
2024-06-09,coking_coal_australia,253.49
2024-06-09,iron_ore_62fe,109.25
2024-06-09,rebar_turkey_fob,577.5
2024-06-09,rebar_uae_exworks,2452.5
2024-06-09,scrap_hms12_turkey,384.5
2024-06-10,billet_cis_fob,499.0
2024-06-10,billet_gcc_cfr,513.5
2024-06-10,billet_saudi_exworks,542.6666666666666
2024-06-10,coke_lvliang_china,252.00000000000003
2024-06-10,coke_rizhao_china,275.8
2024-06-10,coking_coal_australia,253.49
2024-06-10,iron_ore_62fe,108.67
2024-06-10,rebar_turkey_fob,577.5
2024-06-10,rebar_uae_exworks,2452.5
2024-06-10,scrap_hms12_turkey,384.5
2024-06-11,billet_cis_fob,499.0
2024-06-11,billet_gcc_cfr,513.5
2024-06-11,billet_saudi_exworks,542.6666666666666
2024-06-11,coke_lvliang_china,252.00000000000003
2024-06-11,coke_rizhao_china,275.8
2024-06-11,coking_coal_australia,253.49
2024-06-11,iron_ore_62fe,104.23
2024-06-11,rebar_turkey_fob,577.5
2024-06-11,rebar_uae_exworks,2452.5
2024-06-11,scrap_hms12_turkey,384.5
2024-06-12,billet_cis_fob,499.0
2024-06-12,billet_gcc_cfr,513.5
2024-06-12,billet_saudi_exworks,542.6666666666666
2024-06-12,coke_lvliang_china,252.00000000000003
2024-06-12,coke_rizhao_china,275.8
2024-06-12,coking_coal_australia,253.49
2024-06-12,iron_ore_62fe,105.12
2024-06-12,rebar_turkey_fob,575.0
2024-06-12,rebar_uae_exworks,2452.5
2024-06-12,scrap_hms12_turkey,384.0
2024-06-13,billet_cis_fob,499.0
2024-06-13,billet_gcc_cfr,513.5
2024-06-13,billet_saudi_exworks,542.6666666666666
2024-06-13,coke_lvliang_china,252.00000000000003
2024-06-13,coke_rizhao_china,275.8
2024-06-13,coking_coal_australia,253.49
2024-06-13,iron_ore_62fe,106.59
2024-06-13,rebar_turkey_fob,577.5
2024-06-13,rebar_uae_exworks,2452.5
2024-06-13,scrap_hms12_turkey,386.0
2024-06-14,billet_cis_fob,499.0
2024-06-14,billet_gcc_cfr,511.5
2024-06-14,billet_saudi_exworks,550.6666666666666
2024-06-14,coke_lvliang_china,252.00000000000003
2024-06-14,coke_rizhao_china,275.8
2024-06-14,coking_coal_australia,257.77
2024-06-14,iron_ore_62fe,107.38
2024-06-14,rebar_turkey_fob,577.5
2024-06-14,rebar_uae_exworks,2452.5
2024-06-14,scrap_hms12_turkey,386.0
2024-06-15,billet_cis_fob,499.0
2024-06-15,billet_gcc_cfr,511.5
2024-06-15,billet_saudi_exworks,550.6666666666666
2024-06-15,coke_lvliang_china,252.00000000000003
2024-06-15,coke_rizhao_china,275.8
2024-06-15,coking_coal_australia,257.77
2024-06-15,iron_ore_62fe,107.38
2024-06-15,rebar_turkey_fob,577.5
2024-06-15,rebar_uae_exworks,2452.5
2024-06-15,scrap_hms12_turkey,386.0
2024-06-16,billet_cis_fob,499.0
2024-06-16,billet_gcc_cfr,511.5
2024-06-16,billet_saudi_exworks,550.6666666666666
2024-06-16,coke_lvliang_china,252.00000000000003
2024-06-16,coke_rizhao_china,275.8
2024-06-16,coking_coal_australia,257.77
2024-06-16,iron_ore_62fe,107.38
2024-06-16,rebar_turkey_fob,577.5
2024-06-16,rebar_uae_exworks,2452.5
2024-06-16,scrap_hms12_turkey,386.0
2024-06-17,billet_cis_fob,499.0
2024-06-17,billet_gcc_cfr,511.5
2024-06-17,billet_saudi_exworks,550.6666666666666
2024-06-17,coke_lvliang_china,252.00000000000003
2024-06-17,coke_rizhao_china,275.8
2024-06-17,coking_coal_australia,257.77
2024-06-17,iron_ore_62fe,105.85
2024-06-17,rebar_turkey_fob,577.5
2024-06-17,rebar_uae_exworks,2452.5
2024-06-17,scrap_hms12_turkey,386.0
2024-06-18,billet_cis_fob,499.0
2024-06-18,billet_gcc_cfr,511.5
2024-06-18,billet_saudi_exworks,550.6666666666666
2024-06-18,coke_lvliang_china,252.00000000000003
2024-06-18,coke_rizhao_china,275.8
2024-06-18,coking_coal_australia,257.77
2024-06-18,iron_ore_62fe,106.69
2024-06-18,rebar_turkey_fob,577.5
2024-06-18,rebar_uae_exworks,2452.5
2024-06-18,scrap_hms12_turkey,386.0
2024-06-19,billet_cis_fob,499.0
2024-06-19,billet_gcc_cfr,511.5
2024-06-19,billet_saudi_exworks,550.6666666666666
2024-06-19,coke_lvliang_china,252.00000000000003
2024-06-19,coke_rizhao_china,275.8
2024-06-19,coking_coal_australia,257.77
2024-06-19,iron_ore_62fe,107.78
2024-06-19,rebar_turkey_fob,577.5
2024-06-19,rebar_uae_exworks,2452.5
2024-06-19,scrap_hms12_turkey,386.0
2024-06-20,billet_cis_fob,499.0
2024-06-20,billet_gcc_cfr,511.5
2024-06-20,billet_saudi_exworks,550.6666666666666
2024-06-20,coke_lvliang_china,252.00000000000003
2024-06-20,coke_rizhao_china,275.8
2024-06-20,coking_coal_australia,257.77
2024-06-20,iron_ore_62fe,107.66
2024-06-20,rebar_turkey_fob,577.5
2024-06-20,rebar_uae_exworks,2452.5
2024-06-20,scrap_hms12_turkey,386.0
2024-06-21,billet_cis_fob,497.5
2024-06-21,billet_gcc_cfr,506.5
2024-06-21,billet_saudi_exworks,546.0
2024-06-21,coke_lvliang_china,245.00000000000003
2024-06-21,coke_rizhao_china,271.6
2024-06-21,coking_coal_australia,236.61
2024-06-21,iron_ore_62fe,105.98
2024-06-21,rebar_turkey_fob,577.5
2024-06-21,rebar_uae_exworks,2452.5
2024-06-21,scrap_hms12_turkey,386.0
2024-06-22,billet_cis_fob,497.5
2024-06-22,billet_gcc_cfr,506.5
2024-06-22,billet_saudi_exworks,546.0
2024-06-22,coke_lvliang_china,245.00000000000003
2024-06-22,coke_rizhao_china,271.6
2024-06-22,coking_coal_australia,236.61
2024-06-22,iron_ore_62fe,105.98
2024-06-22,rebar_turkey_fob,577.5
2024-06-22,rebar_uae_exworks,2452.5
2024-06-22,scrap_hms12_turkey,386.0
2024-06-23,billet_cis_fob,497.5
2024-06-23,billet_gcc_cfr,506.5
2024-06-23,billet_saudi_exworks,546.0
2024-06-23,coke_lvliang_china,245.00000000000003
2024-06-23,coke_rizhao_china,271.6
2024-06-23,coking_coal_australia,236.61
2024-06-23,iron_ore_62fe,105.98
2024-06-23,rebar_turkey_fob,577.5
2024-06-23,rebar_uae_exworks,2452.5
2024-06-23,scrap_hms12_turkey,386.0
2024-06-24,billet_cis_fob,497.5
2024-06-24,billet_gcc_cfr,506.5
2024-06-24,billet_saudi_exworks,546.0
2024-06-24,coke_lvliang_china,245.00000000000003
2024-06-24,coke_rizhao_china,271.6
2024-06-24,coking_coal_australia,236.61
2024-06-24,iron_ore_62fe,104.09
2024-06-24,rebar_turkey_fob,577.5
2024-06-24,rebar_uae_exworks,2452.5
2024-06-24,scrap_hms12_turkey,386.0
2024-06-25,billet_cis_fob,497.5
2024-06-25,billet_gcc_cfr,506.5
2024-06-25,billet_saudi_exworks,546.0
2024-06-25,coke_lvliang_china,245.00000000000003
2024-06-25,coke_rizhao_china,271.6
2024-06-25,coking_coal_australia,236.61
2024-06-25,iron_ore_62fe,104.06
2024-06-25,rebar_turkey_fob,577.5
2024-06-25,rebar_uae_exworks,2452.5
2024-06-25,scrap_hms12_turkey,386.0
2024-06-26,billet_cis_fob,497.5
2024-06-26,billet_gcc_cfr,506.5
2024-06-26,billet_saudi_exworks,546.0
2024-06-26,coke_lvliang_china,245.00000000000003
2024-06-26,coke_rizhao_china,271.6
2024-06-26,coking_coal_australia,236.61
2024-06-26,iron_ore_62fe,107.25
2024-06-26,rebar_turkey_fob,577.5
2024-06-26,rebar_uae_exworks,2452.5
2024-06-26,scrap_hms12_turkey,389.0
2024-06-27,billet_cis_fob,497.5
2024-06-27,billet_gcc_cfr,506.5
2024-06-27,billet_saudi_exworks,546.0
2024-06-27,coke_lvliang_china,245.00000000000003
2024-06-27,coke_rizhao_china,271.6
2024-06-27,coking_coal_australia,236.61
2024-06-27,iron_ore_62fe,107.0
2024-06-27,rebar_turkey_fob,577.5
2024-06-27,rebar_uae_exworks,2452.5
2024-06-27,scrap_hms12_turkey,389.5
2024-06-28,billet_cis_fob,494.0
2024-06-28,billet_gcc_cfr,505.0
2024-06-28,billet_saudi_exworks,546.0
2024-06-28,coke_lvliang_china,252.00000000000003
2024-06-28,coke_rizhao_china,273.0
2024-06-28,coking_coal_australia,236.24
2024-06-28,iron_ore_62fe,106.65
2024-06-28,rebar_turkey_fob,577.5
2024-06-28,rebar_uae_exworks,2254.5
2024-06-28,scrap_hms12_turkey,389.5
2024-06-29,billet_cis_fob,494.0
2024-06-29,billet_gcc_cfr,505.0
2024-06-29,billet_saudi_exworks,546.0
2024-06-29,coke_lvliang_china,252.00000000000003
2024-06-29,coke_rizhao_china,273.0
2024-06-29,coking_coal_australia,236.24
2024-06-29,iron_ore_62fe,106.65
2024-06-29,rebar_turkey_fob,577.5
2024-06-29,rebar_uae_exworks,2254.5
2024-06-29,scrap_hms12_turkey,389.5
2024-06-30,billet_cis_fob,494.0
2024-06-30,billet_gcc_cfr,505.0
2024-06-30,billet_saudi_exworks,546.0
2024-06-30,coke_lvliang_china,252.00000000000003
2024-06-30,coke_rizhao_china,273.0
2024-06-30,coking_coal_australia,236.24
2024-06-30,iron_ore_62fe,106.65
2024-06-30,rebar_turkey_fob,577.5
2024-06-30,rebar_uae_exworks,2254.5
2024-06-30,scrap_hms12_turkey,389.5
2024-07-01,billet_cis_fob,494.0
2024-07-01,billet_gcc_cfr,505.0
2024-07-01,billet_saudi_exworks,546.0
2024-07-01,coke_lvliang_china,252.00000000000003
2024-07-01,coke_rizhao_china,273.0
2024-07-01,coking_coal_australia,236.24
2024-07-01,iron_ore_62fe,110.17
2024-07-01,rebar_turkey_fob,577.5
2024-07-01,rebar_uae_exworks,2254.5
2024-07-01,scrap_hms12_turkey,389.5
2024-07-02,billet_cis_fob,494.0
2024-07-02,billet_gcc_cfr,505.0
2024-07-02,billet_saudi_exworks,546.0
2024-07-02,coke_lvliang_china,252.00000000000003
2024-07-02,coke_rizhao_china,273.0
2024-07-02,coking_coal_australia,236.24
2024-07-02,iron_ore_62fe,110.85
2024-07-02,rebar_turkey_fob,577.5
2024-07-02,rebar_uae_exworks,2254.5
2024-07-02,scrap_hms12_turkey,389.5
2024-07-03,billet_cis_fob,494.0
2024-07-03,billet_gcc_cfr,505.0
2024-07-03,billet_saudi_exworks,546.0
2024-07-03,coke_lvliang_china,252.00000000000003
2024-07-03,coke_rizhao_china,273.0
2024-07-03,coking_coal_australia,236.24
2024-07-03,iron_ore_62fe,113.47
2024-07-03,rebar_turkey_fob,577.5
2024-07-03,rebar_uae_exworks,2254.5
2024-07-03,scrap_hms12_turkey,388.75
2024-07-04,billet_cis_fob,494.0
2024-07-04,billet_gcc_cfr,505.0
2024-07-04,billet_saudi_exworks,546.0
2024-07-04,coke_lvliang_china,252.00000000000003
2024-07-04,coke_rizhao_china,273.0
2024-07-04,coking_coal_australia,236.24
2024-07-04,iron_ore_62fe,113.82
2024-07-04,rebar_turkey_fob,580.0
2024-07-04,rebar_uae_exworks,2254.5
2024-07-04,scrap_hms12_turkey,390.0
2024-07-05,billet_cis_fob,490.5
2024-07-05,billet_gcc_cfr,507.0
2024-07-05,billet_saudi_exworks,548.0
2024-07-05,coke_lvliang_china,252.00000000000003
2024-07-05,coke_rizhao_china,284.20000000000005
2024-07-05,coking_coal_australia,255.19
2024-07-05,iron_ore_62fe,112.92
2024-07-05,rebar_turkey_fob,580.0
2024-07-05,rebar_uae_exworks,2254.5
2024-07-05,scrap_hms12_turkey,390.0
2024-07-06,billet_cis_fob,490.5
2024-07-06,billet_gcc_cfr,507.0
2024-07-06,billet_saudi_exworks,548.0
2024-07-06,coke_lvliang_china,252.00000000000003
2024-07-06,coke_rizhao_china,284.20000000000005
2024-07-06,coking_coal_australia,255.19
2024-07-06,iron_ore_62fe,112.92
2024-07-06,rebar_turkey_fob,580.0
2024-07-06,rebar_uae_exworks,2254.5
2024-07-06,scrap_hms12_turkey,390.0
2024-07-07,billet_cis_fob,490.5
2024-07-07,billet_gcc_cfr,507.0
2024-07-07,billet_saudi_exworks,548.0
2024-07-07,coke_lvliang_china,252.00000000000003
2024-07-07,coke_rizhao_china,284.20000000000005
2024-07-07,coking_coal_australia,255.19
2024-07-07,iron_ore_62fe,112.92
2024-07-07,rebar_turkey_fob,580.0
2024-07-07,rebar_uae_exworks,2254.5
2024-07-07,scrap_hms12_turkey,390.0
2024-07-08,billet_cis_fob,490.5
2024-07-08,billet_gcc_cfr,507.0
2024-07-08,billet_saudi_exworks,548.0
2024-07-08,coke_lvliang_china,252.00000000000003
2024-07-08,coke_rizhao_china,284.20000000000005
2024-07-08,coking_coal_australia,255.19
2024-07-08,iron_ore_62fe,108.5
2024-07-08,rebar_turkey_fob,580.0
2024-07-08,rebar_uae_exworks,2254.5
2024-07-08,scrap_hms12_turkey,390.0
2024-07-09,billet_cis_fob,490.5
2024-07-09,billet_gcc_cfr,507.0
2024-07-09,billet_saudi_exworks,548.0
2024-07-09,coke_lvliang_china,252.00000000000003
2024-07-09,coke_rizhao_china,284.20000000000005
2024-07-09,coking_coal_australia,255.19
2024-07-09,iron_ore_62fe,110.07
2024-07-09,rebar_turkey_fob,580.0
2024-07-09,rebar_uae_exworks,2254.5
2024-07-09,scrap_hms12_turkey,390.0
2024-07-10,billet_cis_fob,490.5
2024-07-10,billet_gcc_cfr,507.0
2024-07-10,billet_saudi_exworks,548.0
2024-07-10,coke_lvliang_china,252.00000000000003
2024-07-10,coke_rizhao_china,284.20000000000005
2024-07-10,coking_coal_australia,255.19
2024-07-10,iron_ore_62fe,105.39
2024-07-10,rebar_turkey_fob,580.0
2024-07-10,rebar_uae_exworks,2254.5
2024-07-10,scrap_hms12_turkey,389.5
2024-07-11,billet_cis_fob,490.5
2024-07-11,billet_gcc_cfr,507.0
2024-07-11,billet_saudi_exworks,548.0
2024-07-11,coke_lvliang_china,252.00000000000003
2024-07-11,coke_rizhao_china,284.20000000000005
2024-07-11,coking_coal_australia,255.19
2024-07-11,iron_ore_62fe,107.62
2024-07-11,rebar_turkey_fob,577.5
2024-07-11,rebar_uae_exworks,2254.5
2024-07-11,scrap_hms12_turkey,389.5
2024-07-12,billet_cis_fob,490.5
2024-07-12,billet_gcc_cfr,507.5
2024-07-12,billet_saudi_exworks,552.0
2024-07-12,coke_lvliang_china,252.00000000000003
2024-07-12,coke_rizhao_china,278.6
2024-07-12,coking_coal_australia,253.42
2024-07-12,iron_ore_62fe,107.53
2024-07-12,rebar_turkey_fob,577.5
2024-07-12,rebar_uae_exworks,2254.5
2024-07-12,scrap_hms12_turkey,390.0
2024-07-13,billet_cis_fob,490.5
2024-07-13,billet_gcc_cfr,507.5
2024-07-13,billet_saudi_exworks,552.0
2024-07-13,coke_lvliang_china,252.00000000000003
2024-07-13,coke_rizhao_china,278.6
2024-07-13,coking_coal_australia,253.42
2024-07-13,iron_ore_62fe,107.53
2024-07-13,rebar_turkey_fob,577.5
2024-07-13,rebar_uae_exworks,2254.5
2024-07-13,scrap_hms12_turkey,390.0
2024-07-14,billet_cis_fob,490.5
2024-07-14,billet_gcc_cfr,507.5
2024-07-14,billet_saudi_exworks,552.0
2024-07-14,coke_lvliang_china,252.00000000000003
2024-07-14,coke_rizhao_china,278.6
2024-07-14,coking_coal_australia,253.42
2024-07-14,iron_ore_62fe,107.53
2024-07-14,rebar_turkey_fob,577.5
2024-07-14,rebar_uae_exworks,2254.5
2024-07-14,scrap_hms12_turkey,390.0
2024-07-15,billet_cis_fob,490.5
2024-07-15,billet_gcc_cfr,507.5
2024-07-15,billet_saudi_exworks,552.0
2024-07-15,coke_lvliang_china,252.00000000000003
2024-07-15,coke_rizhao_china,278.6
2024-07-15,coking_coal_australia,253.42
2024-07-15,iron_ore_62fe,109.18
2024-07-15,rebar_turkey_fob,577.5
2024-07-15,rebar_uae_exworks,2254.5
2024-07-15,scrap_hms12_turkey,390.0
2024-07-16,billet_cis_fob,490.5
2024-07-16,billet_gcc_cfr,507.5
2024-07-16,billet_saudi_exworks,552.0
2024-07-16,coke_lvliang_china,252.00000000000003
2024-07-16,coke_rizhao_china,278.6
2024-07-16,coking_coal_australia,253.42
2024-07-16,iron_ore_62fe,109.66
2024-07-16,rebar_turkey_fob,577.5
2024-07-16,rebar_uae_exworks,2254.5
2024-07-16,scrap_hms12_turkey,390.0
2024-07-17,billet_cis_fob,490.5
2024-07-17,billet_gcc_cfr,507.5
2024-07-17,billet_saudi_exworks,552.0
2024-07-17,coke_lvliang_china,252.00000000000003
2024-07-17,coke_rizhao_china,278.6
2024-07-17,coking_coal_australia,253.42
2024-07-17,iron_ore_62fe,106.19
2024-07-17,rebar_turkey_fob,577.5
2024-07-17,rebar_uae_exworks,2254.5
2024-07-17,scrap_hms12_turkey,390.0
2024-07-18,billet_cis_fob,490.5
2024-07-18,billet_gcc_cfr,507.5
2024-07-18,billet_saudi_exworks,552.0
2024-07-18,coke_lvliang_china,252.00000000000003
2024-07-18,coke_rizhao_china,278.6
2024-07-18,coking_coal_australia,253.42
2024-07-18,iron_ore_62fe,106.25
2024-07-18,rebar_turkey_fob,577.5
2024-07-18,rebar_uae_exworks,2254.5
2024-07-18,scrap_hms12_turkey,390.0
2024-07-19,billet_cis_fob,490.5
2024-07-19,billet_gcc_cfr,500.0
2024-07-19,billet_saudi_exworks,548.6666666666666
2024-07-19,coke_lvliang_china,252.00000000000003
2024-07-19,coke_rizhao_china,277.20000000000005
2024-07-19,coking_coal_australia,218.69
2024-07-19,iron_ore_62fe,105.57
2024-07-19,rebar_turkey_fob,577.5
2024-07-19,rebar_uae_exworks,2254.5
2024-07-19,scrap_hms12_turkey,390.0
2024-07-20,billet_cis_fob,490.5
2024-07-20,billet_gcc_cfr,500.0
2024-07-20,billet_saudi_exworks,548.6666666666666
2024-07-20,coke_lvliang_china,252.00000000000003
2024-07-20,coke_rizhao_china,277.20000000000005
2024-07-20,coking_coal_australia,218.69
2024-07-20,iron_ore_62fe,105.57
2024-07-20,rebar_turkey_fob,577.5
2024-07-20,rebar_uae_exworks,2254.5
2024-07-20,scrap_hms12_turkey,390.0
2024-07-21,billet_cis_fob,490.5
2024-07-21,billet_gcc_cfr,500.0
2024-07-21,billet_saudi_exworks,548.6666666666666
2024-07-21,coke_lvliang_china,252.00000000000003
2024-07-21,coke_rizhao_china,277.20000000000005
2024-07-21,coking_coal_australia,218.69
2024-07-21,iron_ore_62fe,105.57
2024-07-21,rebar_turkey_fob,577.5
2024-07-21,rebar_uae_exworks,2254.5
2024-07-21,scrap_hms12_turkey,390.0
2024-07-22,billet_cis_fob,490.5
2024-07-22,billet_gcc_cfr,500.0
2024-07-22,billet_saudi_exworks,548.6666666666666
2024-07-22,coke_lvliang_china,252.00000000000003
2024-07-22,coke_rizhao_china,277.20000000000005
2024-07-22,coking_coal_australia,218.69
2024-07-22,iron_ore_62fe,104.24
2024-07-22,rebar_turkey_fob,577.5
2024-07-22,rebar_uae_exworks,2254.5
2024-07-22,scrap_hms12_turkey,390.0
2024-07-23,billet_cis_fob,490.5
2024-07-23,billet_gcc_cfr,500.0
2024-07-23,billet_saudi_exworks,548.6666666666666
2024-07-23,coke_lvliang_china,252.00000000000003
2024-07-23,coke_rizhao_china,277.20000000000005
2024-07-23,coking_coal_australia,218.69
2024-07-23,iron_ore_62fe,101.86
2024-07-23,rebar_turkey_fob,577.5
2024-07-23,rebar_uae_exworks,2254.5
2024-07-23,scrap_hms12_turkey,389.5
2024-07-24,billet_cis_fob,490.5
2024-07-24,billet_gcc_cfr,500.0
2024-07-24,billet_saudi_exworks,548.6666666666666
2024-07-24,coke_lvliang_china,252.00000000000003
2024-07-24,coke_rizhao_china,277.20000000000005
2024-07-24,coking_coal_australia,218.69
2024-07-24,iron_ore_62fe,102.12
2024-07-24,rebar_turkey_fob,577.5
2024-07-24,rebar_uae_exworks,2254.5
2024-07-24,scrap_hms12_turkey,389.5
2024-07-25,billet_cis_fob,490.5
2024-07-25,billet_gcc_cfr,500.0
2024-07-25,billet_saudi_exworks,548.6666666666666
2024-07-25,coke_lvliang_china,252.00000000000003
2024-07-25,coke_rizhao_china,277.20000000000005
2024-07-25,coking_coal_australia,218.69
2024-07-25,iron_ore_62fe,101.09
2024-07-25,rebar_turkey_fob,577.5
2024-07-25,rebar_uae_exworks,2254.5
2024-07-25,scrap_hms12_turkey,389.0
2024-07-26,billet_cis_fob,490.5
2024-07-26,billet_gcc_cfr,499.5
2024-07-26,billet_saudi_exworks,549.3333333333334
2024-07-26,coke_lvliang_china,252.00000000000003
2024-07-26,coke_rizhao_china,263.20000000000005
2024-07-26,coking_coal_australia,212.08
2024-07-26,iron_ore_62fe,103.19
2024-07-26,rebar_turkey_fob,577.5
2024-07-26,rebar_uae_exworks,2254.5
2024-07-26,scrap_hms12_turkey,388.5
2024-07-27,billet_cis_fob,490.5
2024-07-27,billet_gcc_cfr,499.5
2024-07-27,billet_saudi_exworks,549.3333333333334
2024-07-27,coke_lvliang_china,252.00000000000003
2024-07-27,coke_rizhao_china,263.20000000000005
2024-07-27,coking_coal_australia,212.08
2024-07-27,iron_ore_62fe,103.19
2024-07-27,rebar_turkey_fob,577.5
2024-07-27,rebar_uae_exworks,2254.5
2024-07-27,scrap_hms12_turkey,388.5
2024-07-28,billet_cis_fob,490.5
2024-07-28,billet_gcc_cfr,499.5
2024-07-28,billet_saudi_exworks,549.3333333333334
2024-07-28,coke_lvliang_china,252.00000000000003
2024-07-28,coke_rizhao_china,263.20000000000005
2024-07-28,coking_coal_australia,212.08
2024-07-28,iron_ore_62fe,103.19
2024-07-28,rebar_turkey_fob,577.5
2024-07-28,rebar_uae_exworks,2254.5
2024-07-28,scrap_hms12_turkey,388.5
2024-07-29,billet_cis_fob,490.5
2024-07-29,billet_gcc_cfr,499.5
2024-07-29,billet_saudi_exworks,549.3333333333334
2024-07-29,coke_lvliang_china,252.00000000000003
2024-07-29,coke_rizhao_china,263.20000000000005
2024-07-29,coking_coal_australia,212.08
2024-07-29,iron_ore_62fe,102.64
2024-07-29,rebar_turkey_fob,577.5
2024-07-29,rebar_uae_exworks,2254.5
2024-07-29,scrap_hms12_turkey,388.25
2024-07-30,billet_cis_fob,490.5
2024-07-30,billet_gcc_cfr,499.5
2024-07-30,billet_saudi_exworks,549.3333333333334
2024-07-30,coke_lvliang_china,252.00000000000003
2024-07-30,coke_rizhao_china,263.20000000000005
2024-07-30,coking_coal_australia,212.08
2024-07-30,iron_ore_62fe,97.82
2024-07-30,rebar_turkey_fob,578.5
2024-07-30,rebar_uae_exworks,2254.5
2024-07-30,scrap_hms12_turkey,388.5
2024-07-31,billet_cis_fob,490.5
2024-07-31,billet_gcc_cfr,499.5
2024-07-31,billet_saudi_exworks,549.3333333333334
2024-07-31,coke_lvliang_china,252.00000000000003
2024-07-31,coke_rizhao_china,263.20000000000005
2024-07-31,coking_coal_australia,212.08
2024-07-31,iron_ore_62fe,102.0
2024-07-31,rebar_turkey_fob,578.5
2024-07-31,rebar_uae_exworks,2197.5
2024-07-31,scrap_hms12_turkey,388.5
2024-08-01,billet_cis_fob,490.5
2024-08-01,billet_gcc_cfr,499.5
2024-08-01,billet_saudi_exworks,549.3333333333334
2024-08-01,coke_lvliang_china,252.00000000000003
2024-08-01,coke_rizhao_china,263.20000000000005
2024-08-01,coking_coal_australia,212.08
2024-08-01,iron_ore_62fe,104.03
2024-08-01,rebar_turkey_fob,578.5
2024-08-01,rebar_uae_exworks,2197.5
2024-08-01,scrap_hms12_turkey,388.0
2024-08-02,billet_cis_fob,489.0
2024-08-02,billet_gcc_cfr,490.0
2024-08-02,billet_saudi_exworks,550.6666666666666
2024-08-02,coke_lvliang_china,245.00000000000003
2024-08-02,coke_rizhao_china,256.20000000000005
2024-08-02,coking_coal_australia,216.41
2024-08-02,iron_ore_62fe,104.21
2024-08-02,rebar_turkey_fob,578.5
2024-08-02,rebar_uae_exworks,2197.5
2024-08-02,scrap_hms12_turkey,386.5
2024-08-03,billet_cis_fob,489.0
2024-08-03,billet_gcc_cfr,490.0
2024-08-03,billet_saudi_exworks,550.6666666666666
2024-08-03,coke_lvliang_china,245.00000000000003
2024-08-03,coke_rizhao_china,256.20000000000005
2024-08-03,coking_coal_australia,216.41
2024-08-03,iron_ore_62fe,104.21
2024-08-03,rebar_turkey_fob,578.5
2024-08-03,rebar_uae_exworks,2197.5
2024-08-03,scrap_hms12_turkey,386.5
2024-08-04,billet_cis_fob,489.0
2024-08-04,billet_gcc_cfr,490.0
2024-08-04,billet_saudi_exworks,550.6666666666666
2024-08-04,coke_lvliang_china,245.00000000000003
2024-08-04,coke_rizhao_china,256.20000000000005
2024-08-04,coking_coal_australia,216.41
2024-08-04,iron_ore_62fe,104.21
2024-08-04,rebar_turkey_fob,578.5
2024-08-04,rebar_uae_exworks,2197.5
2024-08-04,scrap_hms12_turkey,386.5
2024-08-05,billet_cis_fob,489.0
2024-08-05,billet_gcc_cfr,490.0
2024-08-05,billet_saudi_exworks,550.6666666666666
2024-08-05,coke_lvliang_china,245.00000000000003
2024-08-05,coke_rizhao_china,256.20000000000005
2024-08-05,coking_coal_australia,216.41
2024-08-05,iron_ore_62fe,104.55
2024-08-05,rebar_turkey_fob,578.5
2024-08-05,rebar_uae_exworks,2197.5
2024-08-05,scrap_hms12_turkey,386.5
2024-08-06,billet_cis_fob,489.0
2024-08-06,billet_gcc_cfr,490.0
2024-08-06,billet_saudi_exworks,550.6666666666666
2024-08-06,coke_lvliang_china,245.00000000000003
2024-08-06,coke_rizhao_china,256.20000000000005
2024-08-06,coking_coal_australia,216.41
2024-08-06,iron_ore_62fe,102.23
2024-08-06,rebar_turkey_fob,576.5
2024-08-06,rebar_uae_exworks,2197.5
2024-08-06,scrap_hms12_turkey,386.5
2024-08-07,billet_cis_fob,489.0
2024-08-07,billet_gcc_cfr,490.0
2024-08-07,billet_saudi_exworks,550.6666666666666
2024-08-07,coke_lvliang_china,245.00000000000003
2024-08-07,coke_rizhao_china,256.20000000000005
2024-08-07,coking_coal_australia,216.41
2024-08-07,iron_ore_62fe,101.43
2024-08-07,rebar_turkey_fob,575.0
2024-08-07,rebar_uae_exworks,2197.5
2024-08-07,scrap_hms12_turkey,381.5
2024-08-08,billet_cis_fob,489.0
2024-08-08,billet_gcc_cfr,490.0
2024-08-08,billet_saudi_exworks,550.6666666666666
2024-08-08,coke_lvliang_china,245.00000000000003
2024-08-08,coke_rizhao_china,256.20000000000005
2024-08-08,coking_coal_australia,216.41
2024-08-08,iron_ore_62fe,100.49
2024-08-08,rebar_turkey_fob,575.0
2024-08-08,rebar_uae_exworks,2197.5
2024-08-08,scrap_hms12_turkey,381.0
2024-08-09,billet_cis_fob,485.0
2024-08-09,billet_gcc_cfr,487.5
2024-08-09,billet_saudi_exworks,552.0
2024-08-09,coke_lvliang_china,238.00000000000003
2024-08-09,coke_rizhao_china,249.20000000000002
2024-08-09,coking_coal_australia,205.27
2024-08-09,iron_ore_62fe,100.91
2024-08-09,rebar_turkey_fob,572.5
2024-08-09,rebar_uae_exworks,2197.5
2024-08-09,scrap_hms12_turkey,378.5
2024-08-10,billet_cis_fob,485.0
2024-08-10,billet_gcc_cfr,487.5
2024-08-10,billet_saudi_exworks,552.0
2024-08-10,coke_lvliang_china,238.00000000000003
2024-08-10,coke_rizhao_china,249.20000000000002
2024-08-10,coking_coal_australia,205.27
2024-08-10,iron_ore_62fe,100.91
2024-08-10,rebar_turkey_fob,572.5
2024-08-10,rebar_uae_exworks,2197.5
2024-08-10,scrap_hms12_turkey,378.5
2024-08-11,billet_cis_fob,485.0
2024-08-11,billet_gcc_cfr,487.5
2024-08-11,billet_saudi_exworks,552.0
2024-08-11,coke_lvliang_china,238.00000000000003
2024-08-11,coke_rizhao_china,249.20000000000002
2024-08-11,coking_coal_australia,205.27
2024-08-11,iron_ore_62fe,100.91
2024-08-11,rebar_turkey_fob,572.5
2024-08-11,rebar_uae_exworks,2197.5
2024-08-11,scrap_hms12_turkey,378.5
2024-08-12,billet_cis_fob,485.0
2024-08-12,billet_gcc_cfr,487.5
2024-08-12,billet_saudi_exworks,552.0
2024-08-12,coke_lvliang_china,238.00000000000003
2024-08-12,coke_rizhao_china,249.20000000000002
2024-08-12,coking_coal_australia,205.27
2024-08-12,iron_ore_62fe,99.9
2024-08-12,rebar_turkey_fob,572.5
2024-08-12,rebar_uae_exworks,2197.5
2024-08-12,scrap_hms12_turkey,377.5
2024-08-13,billet_cis_fob,485.0
2024-08-13,billet_gcc_cfr,487.5
2024-08-13,billet_saudi_exworks,552.0
2024-08-13,coke_lvliang_china,238.00000000000003
2024-08-13,coke_rizhao_china,249.20000000000002
2024-08-13,coking_coal_australia,205.27
2024-08-13,iron_ore_62fe,98.35
2024-08-13,rebar_turkey_fob,570.0
2024-08-13,rebar_uae_exworks,2197.5
2024-08-13,scrap_hms12_turkey,374.0
2024-08-14,billet_cis_fob,485.0
2024-08-14,billet_gcc_cfr,487.5
2024-08-14,billet_saudi_exworks,552.0
2024-08-14,coke_lvliang_china,238.00000000000003
2024-08-14,coke_rizhao_china,249.20000000000002
2024-08-14,coking_coal_australia,205.27
2024-08-14,iron_ore_62fe,96.41
2024-08-14,rebar_turkey_fob,570.0
2024-08-14,rebar_uae_exworks,2197.5
2024-08-14,scrap_hms12_turkey,374.0
2024-08-15,billet_cis_fob,485.0
2024-08-15,billet_gcc_cfr,487.5
2024-08-15,billet_saudi_exworks,552.0
2024-08-15,coke_lvliang_china,238.00000000000003
2024-08-15,coke_rizhao_china,249.20000000000002
2024-08-15,coking_coal_australia,205.27
2024-08-15,iron_ore_62fe,94.14
2024-08-15,rebar_turkey_fob,570.0
2024-08-15,rebar_uae_exworks,2197.5
2024-08-15,scrap_hms12_turkey,372.5
2024-08-16,billet_cis_fob,482.5
2024-08-16,billet_gcc_cfr,467.5
2024-08-16,billet_saudi_exworks,554.6666666666666
2024-08-16,coke_lvliang_china,227.50000000000003
2024-08-16,coke_rizhao_china,236.60000000000002
2024-08-16,coking_coal_australia,207.85
2024-08-16,iron_ore_62fe,93.67
2024-08-16,rebar_turkey_fob,570.0
2024-08-16,rebar_uae_exworks,2197.5
2024-08-16,scrap_hms12_turkey,370.0
2024-08-17,billet_cis_fob,482.5
2024-08-17,billet_gcc_cfr,467.5
2024-08-17,billet_saudi_exworks,554.6666666666666
2024-08-17,coke_lvliang_china,227.50000000000003
2024-08-17,coke_rizhao_china,236.60000000000002
2024-08-17,coking_coal_australia,207.85
2024-08-17,iron_ore_62fe,93.67
2024-08-17,rebar_turkey_fob,570.0
2024-08-17,rebar_uae_exworks,2197.5
2024-08-17,scrap_hms12_turkey,370.0
2024-08-18,billet_cis_fob,482.5
2024-08-18,billet_gcc_cfr,467.5
2024-08-18,billet_saudi_exworks,554.6666666666666
2024-08-18,coke_lvliang_china,227.50000000000003
2024-08-18,coke_rizhao_china,236.60000000000002
2024-08-18,coking_coal_australia,207.85
2024-08-18,iron_ore_62fe,93.67
2024-08-18,rebar_turkey_fob,570.0
2024-08-18,rebar_uae_exworks,2197.5
2024-08-18,scrap_hms12_turkey,370.0
2024-08-19,billet_cis_fob,482.5
2024-08-19,billet_gcc_cfr,467.5
2024-08-19,billet_saudi_exworks,554.6666666666666
2024-08-19,coke_lvliang_china,227.50000000000003
2024-08-19,coke_rizhao_china,236.60000000000002
2024-08-19,coking_coal_australia,207.85
2024-08-19,iron_ore_62fe,95.97
2024-08-19,rebar_turkey_fob,570.0
2024-08-19,rebar_uae_exworks,2197.5
2024-08-19,scrap_hms12_turkey,370.0
2024-08-20,billet_cis_fob,482.5
2024-08-20,billet_gcc_cfr,467.5
2024-08-20,billet_saudi_exworks,554.6666666666666
2024-08-20,coke_lvliang_china,227.50000000000003
2024-08-20,coke_rizhao_china,236.60000000000002
2024-08-20,coking_coal_australia,207.85
2024-08-20,iron_ore_62fe,95.25
2024-08-20,rebar_turkey_fob,567.5
2024-08-20,rebar_uae_exworks,2197.5
2024-08-20,scrap_hms12_turkey,363.0
2024-08-21,billet_cis_fob,482.5
2024-08-21,billet_gcc_cfr,467.5
2024-08-21,billet_saudi_exworks,554.6666666666666
2024-08-21,coke_lvliang_china,227.50000000000003
2024-08-21,coke_rizhao_china,236.60000000000002
2024-08-21,coking_coal_australia,207.85
2024-08-21,iron_ore_62fe,99.19
2024-08-21,rebar_turkey_fob,565.0
2024-08-21,rebar_uae_exworks,2197.5
2024-08-21,scrap_hms12_turkey,360.0
2024-08-22,billet_cis_fob,482.5
2024-08-22,billet_gcc_cfr,467.5
2024-08-22,billet_saudi_exworks,554.6666666666666
2024-08-22,coke_lvliang_china,227.50000000000003
2024-08-22,coke_rizhao_china,236.60000000000002
2024-08-22,coking_coal_australia,207.85
2024-08-22,iron_ore_62fe,97.7
2024-08-22,rebar_turkey_fob,565.0
2024-08-22,rebar_uae_exworks,2197.5
2024-08-22,scrap_hms12_turkey,360.0
2024-08-23,billet_cis_fob,480.0
2024-08-23,billet_gcc_cfr,482.5
2024-08-23,billet_saudi_exworks,548.0
2024-08-23,coke_lvliang_china,210.00000000000003
2024-08-23,coke_rizhao_china,236.60000000000002
2024-08-23,coking_coal_australia,200.84
2024-08-23,iron_ore_62fe,97.51
2024-08-23,rebar_turkey_fob,565.0
2024-08-23,rebar_uae_exworks,2197.5
2024-08-23,scrap_hms12_turkey,360.0
2024-08-24,billet_cis_fob,480.0
2024-08-24,billet_gcc_cfr,482.5
2024-08-24,billet_saudi_exworks,548.0
2024-08-24,coke_lvliang_china,210.00000000000003
2024-08-24,coke_rizhao_china,236.60000000000002
2024-08-24,coking_coal_australia,200.84
2024-08-24,iron_ore_62fe,97.51
2024-08-24,rebar_turkey_fob,565.0
2024-08-24,rebar_uae_exworks,2197.5
2024-08-24,scrap_hms12_turkey,360.0
2024-08-25,billet_cis_fob,480.0
2024-08-25,billet_gcc_cfr,482.5
2024-08-25,billet_saudi_exworks,548.0
2024-08-25,coke_lvliang_china,210.00000000000003
2024-08-25,coke_rizhao_china,236.60000000000002
2024-08-25,coking_coal_australia,200.84
2024-08-25,iron_ore_62fe,97.51
2024-08-25,rebar_turkey_fob,565.0
2024-08-25,rebar_uae_exworks,2197.5
2024-08-25,scrap_hms12_turkey,360.0
2024-08-26,billet_cis_fob,480.0
2024-08-26,billet_gcc_cfr,482.5
2024-08-26,billet_saudi_exworks,548.0
2024-08-26,coke_lvliang_china,210.00000000000003
2024-08-26,coke_rizhao_china,236.60000000000002
2024-08-26,coking_coal_australia,200.84
2024-08-26,iron_ore_62fe,100.54
2024-08-26,rebar_turkey_fob,565.0
2024-08-26,rebar_uae_exworks,2197.5
2024-08-26,scrap_hms12_turkey,360.0
2024-08-27,billet_cis_fob,480.0
2024-08-27,billet_gcc_cfr,482.5
2024-08-27,billet_saudi_exworks,548.0
2024-08-27,coke_lvliang_china,210.00000000000003
2024-08-27,coke_rizhao_china,236.60000000000002
2024-08-27,coking_coal_australia,200.84
2024-08-27,iron_ore_62fe,101.51
2024-08-27,rebar_turkey_fob,570.0
2024-08-27,rebar_uae_exworks,2197.5
2024-08-27,scrap_hms12_turkey,363.0
2024-08-28,billet_cis_fob,480.0
2024-08-28,billet_gcc_cfr,482.5
2024-08-28,billet_saudi_exworks,548.0
2024-08-28,coke_lvliang_china,210.00000000000003
2024-08-28,coke_rizhao_china,236.60000000000002
2024-08-28,coking_coal_australia,200.84
2024-08-28,iron_ore_62fe,101.11
2024-08-28,rebar_turkey_fob,572.5
2024-08-28,rebar_uae_exworks,2197.5
2024-08-28,scrap_hms12_turkey,363.5
2024-08-29,billet_cis_fob,480.0
2024-08-29,billet_gcc_cfr,482.5
2024-08-29,billet_saudi_exworks,548.0
2024-08-29,coke_lvliang_china,210.00000000000003
2024-08-29,coke_rizhao_china,236.60000000000002
2024-08-29,coking_coal_australia,200.84
2024-08-29,iron_ore_62fe,101.65
2024-08-29,rebar_turkey_fob,575.0
2024-08-29,rebar_uae_exworks,2197.5
2024-08-29,scrap_hms12_turkey,363.5
2024-08-30,billet_cis_fob,479.0
2024-08-30,billet_gcc_cfr,490.0
2024-08-30,billet_saudi_exworks,542.0
2024-08-30,coke_lvliang_china,203.00000000000003
2024-08-30,coke_rizhao_china,243.60000000000002
2024-08-30,coking_coal_australia,205.13
2024-08-30,iron_ore_62fe,101.34
2024-08-30,rebar_turkey_fob,575.0
2024-08-30,rebar_uae_exworks,2152.5
2024-08-30,scrap_hms12_turkey,363.5
2024-08-31,billet_cis_fob,479.0
2024-08-31,billet_gcc_cfr,490.0
2024-08-31,billet_saudi_exworks,542.0
2024-08-31,coke_lvliang_china,203.00000000000003
2024-08-31,coke_rizhao_china,243.60000000000002
2024-08-31,coking_coal_australia,205.13
2024-08-31,iron_ore_62fe,101.34
2024-08-31,rebar_turkey_fob,575.0
2024-08-31,rebar_uae_exworks,2152.5
2024-08-31,scrap_hms12_turkey,363.5
2024-09-01,billet_cis_fob,479.0
2024-09-01,billet_gcc_cfr,490.0
2024-09-01,billet_saudi_exworks,542.0
2024-09-01,coke_lvliang_china,203.00000000000003
2024-09-01,coke_rizhao_china,243.60000000000002
2024-09-01,coking_coal_australia,205.13
2024-09-01,iron_ore_62fe,101.34
2024-09-01,rebar_turkey_fob,575.0
2024-09-01,rebar_uae_exworks,2152.5
2024-09-01,scrap_hms12_turkey,363.5
2024-09-02,billet_cis_fob,479.0
2024-09-02,billet_gcc_cfr,490.0
2024-09-02,billet_saudi_exworks,542.0
2024-09-02,coke_lvliang_china,203.00000000000003
2024-09-02,coke_rizhao_china,243.60000000000002
2024-09-02,coking_coal_australia,205.13
2024-09-02,iron_ore_62fe,96.9
2024-09-02,rebar_turkey_fob,575.0
2024-09-02,rebar_uae_exworks,2152.5
2024-09-02,scrap_hms12_turkey,363.5
2024-09-03,billet_cis_fob,479.0
2024-09-03,billet_gcc_cfr,490.0
2024-09-03,billet_saudi_exworks,542.0
2024-09-03,coke_lvliang_china,203.00000000000003
2024-09-03,coke_rizhao_china,243.60000000000002
2024-09-03,coking_coal_australia,205.13
2024-09-03,iron_ore_62fe,92.79
2024-09-03,rebar_turkey_fob,575.0
2024-09-03,rebar_uae_exworks,2152.5
2024-09-03,scrap_hms12_turkey,363.5
2024-09-04,billet_cis_fob,479.0
2024-09-04,billet_gcc_cfr,490.0
2024-09-04,billet_saudi_exworks,542.0
2024-09-04,coke_lvliang_china,203.00000000000003
2024-09-04,coke_rizhao_china,243.60000000000002
2024-09-04,coking_coal_australia,205.13
2024-09-04,iron_ore_62fe,93.12
2024-09-04,rebar_turkey_fob,575.0
2024-09-04,rebar_uae_exworks,2152.5
2024-09-04,scrap_hms12_turkey,370.0
2024-09-05,billet_cis_fob,479.0
2024-09-05,billet_gcc_cfr,490.0
2024-09-05,billet_saudi_exworks,542.0
2024-09-05,coke_lvliang_china,203.00000000000003
2024-09-05,coke_rizhao_china,243.60000000000002
2024-09-05,coking_coal_australia,205.13
2024-09-05,iron_ore_62fe,91.46
2024-09-05,rebar_turkey_fob,580.0
2024-09-05,rebar_uae_exworks,2152.5
2024-09-05,scrap_hms12_turkey,370.0
2024-09-06,billet_cis_fob,479.0
2024-09-06,billet_gcc_cfr,482.5
2024-09-06,billet_saudi_exworks,532.0
2024-09-06,coke_lvliang_china,203.00000000000003
2024-09-06,coke_rizhao_china,226.8
2024-09-06,coking_coal_australia,177.93
2024-09-06,iron_ore_62fe,92.12
2024-09-06,rebar_turkey_fob,580.0
2024-09-06,rebar_uae_exworks,2152.5
2024-09-06,scrap_hms12_turkey,370.0
2024-09-07,billet_cis_fob,479.0
2024-09-07,billet_gcc_cfr,482.5
2024-09-07,billet_saudi_exworks,532.0
2024-09-07,coke_lvliang_china,203.00000000000003
2024-09-07,coke_rizhao_china,226.8
2024-09-07,coking_coal_australia,177.93
2024-09-07,iron_ore_62fe,92.12
2024-09-07,rebar_turkey_fob,580.0
2024-09-07,rebar_uae_exworks,2152.5
2024-09-07,scrap_hms12_turkey,370.0
2024-09-08,billet_cis_fob,479.0
2024-09-08,billet_gcc_cfr,482.5
2024-09-08,billet_saudi_exworks,532.0
2024-09-08,coke_lvliang_china,203.00000000000003
2024-09-08,coke_rizhao_china,226.8
2024-09-08,coking_coal_australia,177.93
2024-09-08,iron_ore_62fe,92.12
2024-09-08,rebar_turkey_fob,580.0
2024-09-08,rebar_uae_exworks,2152.5
2024-09-08,scrap_hms12_turkey,370.0
2024-09-09,billet_cis_fob,479.0
2024-09-09,billet_gcc_cfr,482.5
2024-09-09,billet_saudi_exworks,532.0
2024-09-09,coke_lvliang_china,203.00000000000003
2024-09-09,coke_rizhao_china,226.8
2024-09-09,coking_coal_australia,177.93
2024-09-09,iron_ore_62fe,92.48
2024-09-09,rebar_turkey_fob,580.0
2024-09-09,rebar_uae_exworks,2152.5
2024-09-09,scrap_hms12_turkey,370.0
2024-09-10,billet_cis_fob,479.0
2024-09-10,billet_gcc_cfr,482.5
2024-09-10,billet_saudi_exworks,532.0
2024-09-10,coke_lvliang_china,203.00000000000003
2024-09-10,coke_rizhao_china,226.8
2024-09-10,coking_coal_australia,177.93
2024-09-10,iron_ore_62fe,91.14
2024-09-10,rebar_turkey_fob,580.0
2024-09-10,rebar_uae_exworks,2152.5
2024-09-10,scrap_hms12_turkey,370.0
2024-09-11,billet_cis_fob,479.0
2024-09-11,billet_gcc_cfr,482.5
2024-09-11,billet_saudi_exworks,532.0
2024-09-11,coke_lvliang_china,203.00000000000003
2024-09-11,coke_rizhao_china,226.8
2024-09-11,coking_coal_australia,177.93
2024-09-11,iron_ore_62fe,93.11
2024-09-11,rebar_turkey_fob,580.0
2024-09-11,rebar_uae_exworks,2152.5
2024-09-11,scrap_hms12_turkey,370.0
2024-09-12,billet_cis_fob,479.0
2024-09-12,billet_gcc_cfr,482.5
2024-09-12,billet_saudi_exworks,532.0
2024-09-12,coke_lvliang_china,203.00000000000003
2024-09-12,coke_rizhao_china,226.8
2024-09-12,coking_coal_australia,177.93
2024-09-12,iron_ore_62fe,95.08
2024-09-12,rebar_turkey_fob,580.0
2024-09-12,rebar_uae_exworks,2152.5
2024-09-12,scrap_hms12_turkey,370.0
2024-09-13,billet_cis_fob,479.0
2024-09-13,billet_gcc_cfr,467.5
2024-09-13,billet_saudi_exworks,538.6666666666666
2024-09-13,coke_lvliang_china,196.00000000000003
2024-09-13,coke_rizhao_china,231.00000000000003
2024-09-13,coking_coal_australia,182.3
2024-09-13,iron_ore_62fe,93.32
2024-09-13,rebar_turkey_fob,580.0
2024-09-13,rebar_uae_exworks,2152.5
2024-09-13,scrap_hms12_turkey,370.0
2024-09-14,billet_cis_fob,479.0
2024-09-14,billet_gcc_cfr,467.5
2024-09-14,billet_saudi_exworks,538.6666666666666
2024-09-14,coke_lvliang_china,196.00000000000003
2024-09-14,coke_rizhao_china,231.00000000000003
2024-09-14,coking_coal_australia,182.3
2024-09-14,iron_ore_62fe,93.32
2024-09-14,rebar_turkey_fob,580.0
2024-09-14,rebar_uae_exworks,2152.5
2024-09-14,scrap_hms12_turkey,370.0
2024-09-15,billet_cis_fob,479.0
2024-09-15,billet_gcc_cfr,467.5
2024-09-15,billet_saudi_exworks,538.6666666666666
2024-09-15,coke_lvliang_china,196.00000000000003
2024-09-15,coke_rizhao_china,231.00000000000003
2024-09-15,coking_coal_australia,182.3
2024-09-15,iron_ore_62fe,93.32
2024-09-15,rebar_turkey_fob,580.0
2024-09-15,rebar_uae_exworks,2152.5
2024-09-15,scrap_hms12_turkey,370.0
2024-09-16,billet_cis_fob,479.0
2024-09-16,billet_gcc_cfr,467.5
2024-09-16,billet_saudi_exworks,538.6666666666666
2024-09-16,coke_lvliang_china,196.00000000000003
2024-09-16,coke_rizhao_china,231.00000000000003
2024-09-16,coking_coal_australia,182.3
2024-09-16,iron_ore_62fe,92.93
2024-09-16,rebar_turkey_fob,580.0
2024-09-16,rebar_uae_exworks,2152.5
2024-09-16,scrap_hms12_turkey,370.0
2024-09-17,billet_cis_fob,479.0
2024-09-17,billet_gcc_cfr,467.5
2024-09-17,billet_saudi_exworks,538.6666666666666
2024-09-17,coke_lvliang_china,196.00000000000003
2024-09-17,coke_rizhao_china,231.00000000000003
2024-09-17,coking_coal_australia,182.3
2024-09-17,iron_ore_62fe,92.94
2024-09-17,rebar_turkey_fob,580.0
2024-09-17,rebar_uae_exworks,2152.5
2024-09-17,scrap_hms12_turkey,369.5
2024-09-18,billet_cis_fob,479.0
2024-09-18,billet_gcc_cfr,467.5
2024-09-18,billet_saudi_exworks,538.6666666666666
2024-09-18,coke_lvliang_china,196.00000000000003
2024-09-18,coke_rizhao_china,231.00000000000003
2024-09-18,coking_coal_australia,182.3
2024-09-18,iron_ore_62fe,91.64
2024-09-18,rebar_turkey_fob,580.0
2024-09-18,rebar_uae_exworks,2152.5
2024-09-18,scrap_hms12_turkey,369.5
2024-09-19,billet_cis_fob,479.0
2024-09-19,billet_gcc_cfr,467.5
2024-09-19,billet_saudi_exworks,538.6666666666666
2024-09-19,coke_lvliang_china,196.00000000000003
2024-09-19,coke_rizhao_china,231.00000000000003
2024-09-19,coking_coal_australia,182.3
2024-09-19,iron_ore_62fe,93.25
2024-09-19,rebar_turkey_fob,582.5
2024-09-19,rebar_uae_exworks,2152.5
2024-09-19,scrap_hms12_turkey,369.5
2024-09-20,billet_cis_fob,467.5
2024-09-20,billet_gcc_cfr,462.5
2024-09-20,billet_saudi_exworks,526.6666666666666
2024-09-20,coke_lvliang_china,203.00000000000003
2024-09-20,coke_rizhao_china,236.60000000000002
2024-09-20,coking_coal_australia,187.08
2024-09-20,iron_ore_62fe,91.63
2024-09-20,rebar_turkey_fob,585.0
2024-09-20,rebar_uae_exworks,2152.5
2024-09-20,scrap_hms12_turkey,367.0
2024-09-21,billet_cis_fob,467.5
2024-09-21,billet_gcc_cfr,462.5
2024-09-21,billet_saudi_exworks,526.6666666666666
2024-09-21,coke_lvliang_china,203.00000000000003
2024-09-21,coke_rizhao_china,236.60000000000002
2024-09-21,coking_coal_australia,187.08
2024-09-21,iron_ore_62fe,91.63
2024-09-21,rebar_turkey_fob,585.0
2024-09-21,rebar_uae_exworks,2152.5
2024-09-21,scrap_hms12_turkey,367.0
2024-09-22,billet_cis_fob,467.5
2024-09-22,billet_gcc_cfr,462.5
2024-09-22,billet_saudi_exworks,526.6666666666666
2024-09-22,coke_lvliang_china,203.00000000000003
2024-09-22,coke_rizhao_china,236.60000000000002
2024-09-22,coking_coal_australia,187.08
2024-09-22,iron_ore_62fe,91.63
2024-09-22,rebar_turkey_fob,585.0
2024-09-22,rebar_uae_exworks,2152.5
2024-09-22,scrap_hms12_turkey,367.0
2024-09-23,billet_cis_fob,467.5
2024-09-23,billet_gcc_cfr,462.5
2024-09-23,billet_saudi_exworks,526.6666666666666
2024-09-23,coke_lvliang_china,203.00000000000003
2024-09-23,coke_rizhao_china,236.60000000000002
2024-09-23,coking_coal_australia,187.08
2024-09-23,iron_ore_62fe,90.02
2024-09-23,rebar_turkey_fob,582.5
2024-09-23,rebar_uae_exworks,2152.5
2024-09-23,scrap_hms12_turkey,366.0
2024-09-24,billet_cis_fob,467.5
2024-09-24,billet_gcc_cfr,462.5
2024-09-24,billet_saudi_exworks,526.6666666666666
2024-09-24,coke_lvliang_china,203.00000000000003
2024-09-24,coke_rizhao_china,236.60000000000002
2024-09-24,coking_coal_australia,187.08
2024-09-24,iron_ore_62fe,95.08
2024-09-24,rebar_turkey_fob,585.0
2024-09-24,rebar_uae_exworks,2152.5
2024-09-24,scrap_hms12_turkey,368.0
2024-09-25,billet_cis_fob,467.5
2024-09-25,billet_gcc_cfr,462.5
2024-09-25,billet_saudi_exworks,526.6666666666666
2024-09-25,coke_lvliang_china,203.00000000000003
2024-09-25,coke_rizhao_china,236.60000000000002
2024-09-25,coking_coal_australia,187.08
2024-09-25,iron_ore_62fe,96.42
2024-09-25,rebar_turkey_fob,585.0
2024-09-25,rebar_uae_exworks,2152.5
2024-09-25,scrap_hms12_turkey,368.0
2024-09-26,billet_cis_fob,467.5
2024-09-26,billet_gcc_cfr,462.5
2024-09-26,billet_saudi_exworks,526.6666666666666
2024-09-26,coke_lvliang_china,203.00000000000003
2024-09-26,coke_rizhao_china,236.60000000000002
2024-09-26,coking_coal_australia,187.08
2024-09-26,iron_ore_62fe,98.43
2024-09-26,rebar_turkey_fob,585.0
2024-09-26,rebar_uae_exworks,2152.5
2024-09-26,scrap_hms12_turkey,368.0
2024-09-27,billet_cis_fob,460.0
2024-09-27,billet_gcc_cfr,476.0
2024-09-27,billet_saudi_exworks,525.3333333333334
2024-09-27,coke_lvliang_china,210.00000000000003
2024-09-27,coke_rizhao_china,243.60000000000002
2024-09-27,coking_coal_australia,206.79
2024-09-27,iron_ore_62fe,98.69
2024-09-27,rebar_turkey_fob,585.0
2024-09-27,rebar_uae_exworks,2152.5
2024-09-27,scrap_hms12_turkey,368.0
2024-09-28,billet_cis_fob,460.0
2024-09-28,billet_gcc_cfr,476.0
2024-09-28,billet_saudi_exworks,525.3333333333334
2024-09-28,coke_lvliang_china,210.00000000000003
2024-09-28,coke_rizhao_china,243.60000000000002
2024-09-28,coking_coal_australia,206.79
2024-09-28,iron_ore_62fe,98.69
2024-09-28,rebar_turkey_fob,585.0
2024-09-28,rebar_uae_exworks,2152.5
2024-09-28,scrap_hms12_turkey,368.0
2024-09-29,billet_cis_fob,460.0
2024-09-29,billet_gcc_cfr,476.0
2024-09-29,billet_saudi_exworks,525.3333333333334
2024-09-29,coke_lvliang_china,210.00000000000003
2024-09-29,coke_rizhao_china,243.60000000000002
2024-09-29,coking_coal_australia,206.79
2024-09-29,iron_ore_62fe,98.69
2024-09-29,rebar_turkey_fob,585.0
2024-09-29,rebar_uae_exworks,2152.5
2024-09-29,scrap_hms12_turkey,368.0
2024-09-30,billet_cis_fob,460.0
2024-09-30,billet_gcc_cfr,476.0
2024-09-30,billet_saudi_exworks,525.3333333333334
2024-09-30,coke_lvliang_china,210.00000000000003
2024-09-30,coke_rizhao_china,243.60000000000002
2024-09-30,coking_coal_australia,206.79
2024-09-30,iron_ore_62fe,100.3
2024-09-30,rebar_turkey_fob,585.0
2024-09-30,rebar_uae_exworks,2240.0
2024-09-30,scrap_hms12_turkey,369.0
2024-10-01,billet_cis_fob,460.0
2024-10-01,billet_gcc_cfr,476.0
2024-10-01,billet_saudi_exworks,525.3333333333334
2024-10-01,coke_lvliang_china,210.00000000000003
2024-10-01,coke_rizhao_china,243.60000000000002
2024-10-01,coking_coal_australia,206.79
2024-10-01,iron_ore_62fe,108.68
2024-10-01,rebar_turkey_fob,587.5
2024-10-01,rebar_uae_exworks,2240.0
2024-10-01,scrap_hms12_turkey,373.5
2024-10-02,billet_cis_fob,460.0
2024-10-02,billet_gcc_cfr,476.0
2024-10-02,billet_saudi_exworks,525.3333333333334
2024-10-02,coke_lvliang_china,210.00000000000003
2024-10-02,coke_rizhao_china,243.60000000000002
2024-10-02,coking_coal_australia,206.79
2024-10-02,iron_ore_62fe,108.62
2024-10-02,rebar_turkey_fob,595.0
2024-10-02,rebar_uae_exworks,2240.0
2024-10-02,scrap_hms12_turkey,377.0
2024-10-03,billet_cis_fob,460.0
2024-10-03,billet_gcc_cfr,476.0
2024-10-03,billet_saudi_exworks,525.3333333333334
2024-10-03,coke_lvliang_china,210.00000000000003
2024-10-03,coke_rizhao_china,243.60000000000002
2024-10-03,coking_coal_australia,206.79
2024-10-03,iron_ore_62fe,109.03
2024-10-03,rebar_turkey_fob,600.0
2024-10-03,rebar_uae_exworks,2240.0
2024-10-03,scrap_hms12_turkey,385.0
2024-10-04,billet_cis_fob,470.0
2024-10-04,billet_gcc_cfr,482.5
2024-10-04,billet_saudi_exworks,516.0
2024-10-04,coke_lvliang_china,210.00000000000003
2024-10-04,coke_rizhao_china,243.60000000000002
2024-10-04,coking_coal_australia,203.76
2024-10-04,iron_ore_62fe,108.77
2024-10-04,rebar_turkey_fob,600.0
2024-10-04,rebar_uae_exworks,2240.0
2024-10-04,scrap_hms12_turkey,386.0
2024-10-05,billet_cis_fob,470.0
2024-10-05,billet_gcc_cfr,482.5
2024-10-05,billet_saudi_exworks,516.0
2024-10-05,coke_lvliang_china,210.00000000000003
2024-10-05,coke_rizhao_china,243.60000000000002
2024-10-05,coking_coal_australia,203.76
2024-10-05,iron_ore_62fe,108.77
2024-10-05,rebar_turkey_fob,600.0
2024-10-05,rebar_uae_exworks,2240.0
2024-10-05,scrap_hms12_turkey,386.0
2024-10-06,billet_cis_fob,470.0
2024-10-06,billet_gcc_cfr,482.5
2024-10-06,billet_saudi_exworks,516.0
2024-10-06,coke_lvliang_china,210.00000000000003
2024-10-06,coke_rizhao_china,243.60000000000002
2024-10-06,coking_coal_australia,203.76
2024-10-06,iron_ore_62fe,108.77
2024-10-06,rebar_turkey_fob,600.0
2024-10-06,rebar_uae_exworks,2240.0
2024-10-06,scrap_hms12_turkey,386.0
2024-10-07,billet_cis_fob,470.0
2024-10-07,billet_gcc_cfr,482.5
2024-10-07,billet_saudi_exworks,516.0
2024-10-07,coke_lvliang_china,210.00000000000003
2024-10-07,coke_rizhao_china,243.60000000000002
2024-10-07,coking_coal_australia,203.76
2024-10-07,iron_ore_62fe,110.09
2024-10-07,rebar_turkey_fob,600.0
2024-10-07,rebar_uae_exworks,2240.0
2024-10-07,scrap_hms12_turkey,386.0
2024-10-08,billet_cis_fob,470.0
2024-10-08,billet_gcc_cfr,482.5
2024-10-08,billet_saudi_exworks,516.0
2024-10-08,coke_lvliang_china,210.00000000000003
2024-10-08,coke_rizhao_china,243.60000000000002
2024-10-08,coking_coal_australia,203.76
2024-10-08,iron_ore_62fe,105.36
2024-10-08,rebar_turkey_fob,600.0
2024-10-08,rebar_uae_exworks,2240.0
2024-10-08,scrap_hms12_turkey,386.0
2024-10-09,billet_cis_fob,470.0
2024-10-09,billet_gcc_cfr,482.5
2024-10-09,billet_saudi_exworks,516.0
2024-10-09,coke_lvliang_china,210.00000000000003
2024-10-09,coke_rizhao_china,243.60000000000002
2024-10-09,coking_coal_australia,203.76
2024-10-09,iron_ore_62fe,106.0
2024-10-09,rebar_turkey_fob,605.0
2024-10-09,rebar_uae_exworks,2240.0
2024-10-09,scrap_hms12_turkey,388.0
2024-10-10,billet_cis_fob,470.0
2024-10-10,billet_gcc_cfr,482.5
2024-10-10,billet_saudi_exworks,516.0
2024-10-10,coke_lvliang_china,210.00000000000003
2024-10-10,coke_rizhao_china,243.60000000000002
2024-10-10,coking_coal_australia,203.76
2024-10-10,iron_ore_62fe,105.55
2024-10-10,rebar_turkey_fob,605.0
2024-10-10,rebar_uae_exworks,2240.0
2024-10-10,scrap_hms12_turkey,386.5
2024-10-11,billet_cis_fob,477.5
2024-10-11,billet_gcc_cfr,482.5
2024-10-11,billet_saudi_exworks,517.3333333333334
2024-10-11,coke_lvliang_china,231.00000000000003
2024-10-11,coke_rizhao_china,254.8
2024-10-11,coking_coal_australia,212.02
2024-10-11,iron_ore_62fe,106.71
2024-10-11,rebar_turkey_fob,605.0
2024-10-11,rebar_uae_exworks,2240.0
2024-10-11,scrap_hms12_turkey,382.5
2024-10-12,billet_cis_fob,477.5
2024-10-12,billet_gcc_cfr,482.5
2024-10-12,billet_saudi_exworks,517.3333333333334
2024-10-12,coke_lvliang_china,231.00000000000003
2024-10-12,coke_rizhao_china,254.8
2024-10-12,coking_coal_australia,212.02
2024-10-12,iron_ore_62fe,106.71
2024-10-12,rebar_turkey_fob,605.0
2024-10-12,rebar_uae_exworks,2240.0
2024-10-12,scrap_hms12_turkey,382.5
2024-10-13,billet_cis_fob,477.5
2024-10-13,billet_gcc_cfr,482.5
2024-10-13,billet_saudi_exworks,517.3333333333334
2024-10-13,coke_lvliang_china,231.00000000000003
2024-10-13,coke_rizhao_china,254.8
2024-10-13,coking_coal_australia,212.02
2024-10-13,iron_ore_62fe,106.71
2024-10-13,rebar_turkey_fob,605.0
2024-10-13,rebar_uae_exworks,2240.0
2024-10-13,scrap_hms12_turkey,382.5
2024-10-14,billet_cis_fob,477.5
2024-10-14,billet_gcc_cfr,482.5
2024-10-14,billet_saudi_exworks,517.3333333333334
2024-10-14,coke_lvliang_china,231.00000000000003
2024-10-14,coke_rizhao_china,254.8
2024-10-14,coking_coal_australia,212.02
2024-10-14,iron_ore_62fe,107.0
2024-10-14,rebar_turkey_fob,605.0
2024-10-14,rebar_uae_exworks,2240.0
2024-10-14,scrap_hms12_turkey,382.5
2024-10-15,billet_cis_fob,477.5
2024-10-15,billet_gcc_cfr,482.5
2024-10-15,billet_saudi_exworks,517.3333333333334
2024-10-15,coke_lvliang_china,231.00000000000003
2024-10-15,coke_rizhao_china,254.8
2024-10-15,coking_coal_australia,212.02
2024-10-15,iron_ore_62fe,105.95
2024-10-15,rebar_turkey_fob,600.0
2024-10-15,rebar_uae_exworks,2240.0
2024-10-15,scrap_hms12_turkey,379.5
2024-10-16,billet_cis_fob,477.5
2024-10-16,billet_gcc_cfr,482.5
2024-10-16,billet_saudi_exworks,517.3333333333334
2024-10-16,coke_lvliang_china,231.00000000000003
2024-10-16,coke_rizhao_china,254.8
2024-10-16,coking_coal_australia,212.02
2024-10-16,iron_ore_62fe,105.4
2024-10-16,rebar_turkey_fob,597.5
2024-10-16,rebar_uae_exworks,2240.0
2024-10-16,scrap_hms12_turkey,378.5
2024-10-17,billet_cis_fob,477.5
2024-10-17,billet_gcc_cfr,482.5
2024-10-17,billet_saudi_exworks,517.3333333333334
2024-10-17,coke_lvliang_china,231.00000000000003
2024-10-17,coke_rizhao_china,254.8
2024-10-17,coking_coal_australia,212.02
2024-10-17,iron_ore_62fe,101.83
2024-10-17,rebar_turkey_fob,595.0
2024-10-17,rebar_uae_exworks,2240.0
2024-10-17,scrap_hms12_turkey,374.5
2024-10-18,billet_cis_fob,482.5
2024-10-18,billet_gcc_cfr,487.5
2024-10-18,billet_saudi_exworks,519.3333333333334
2024-10-18,coke_lvliang_china,238.00000000000003
2024-10-18,coke_rizhao_china,252.00000000000003
2024-10-18,coking_coal_australia,204.83
2024-10-18,iron_ore_62fe,102.31
2024-10-18,rebar_turkey_fob,595.0
2024-10-18,rebar_uae_exworks,2240.0
2024-10-18,scrap_hms12_turkey,372.5
2024-10-19,billet_cis_fob,482.5
2024-10-19,billet_gcc_cfr,487.5
2024-10-19,billet_saudi_exworks,519.3333333333334
2024-10-19,coke_lvliang_china,238.00000000000003
2024-10-19,coke_rizhao_china,252.00000000000003
2024-10-19,coking_coal_australia,204.83
2024-10-19,iron_ore_62fe,102.31
2024-10-19,rebar_turkey_fob,595.0
2024-10-19,rebar_uae_exworks,2240.0
2024-10-19,scrap_hms12_turkey,372.5
2024-10-20,billet_cis_fob,482.5
2024-10-20,billet_gcc_cfr,487.5
2024-10-20,billet_saudi_exworks,519.3333333333334
2024-10-20,coke_lvliang_china,238.00000000000003
2024-10-20,coke_rizhao_china,252.00000000000003
2024-10-20,coking_coal_australia,204.83
2024-10-20,iron_ore_62fe,102.31
2024-10-20,rebar_turkey_fob,595.0
2024-10-20,rebar_uae_exworks,2240.0
2024-10-20,scrap_hms12_turkey,372.5
2024-10-21,billet_cis_fob,482.5
2024-10-21,billet_gcc_cfr,487.5
2024-10-21,billet_saudi_exworks,519.3333333333334
2024-10-21,coke_lvliang_china,238.00000000000003
2024-10-21,coke_rizhao_china,252.00000000000003
2024-10-21,coking_coal_australia,204.83
2024-10-21,iron_ore_62fe,102.37
2024-10-21,rebar_turkey_fob,595.0
2024-10-21,rebar_uae_exworks,2240.0
2024-10-21,scrap_hms12_turkey,371.5
2024-10-22,billet_cis_fob,482.5
2024-10-22,billet_gcc_cfr,487.5
2024-10-22,billet_saudi_exworks,519.3333333333334
2024-10-22,coke_lvliang_china,238.00000000000003
2024-10-22,coke_rizhao_china,252.00000000000003
2024-10-22,coking_coal_australia,204.83
2024-10-22,iron_ore_62fe,103.63
2024-10-22,rebar_turkey_fob,592.5
2024-10-22,rebar_uae_exworks,2240.0
2024-10-22,scrap_hms12_turkey,371.5
2024-10-23,billet_cis_fob,482.5
2024-10-23,billet_gcc_cfr,487.5
2024-10-23,billet_saudi_exworks,519.3333333333334
2024-10-23,coke_lvliang_china,238.00000000000003
2024-10-23,coke_rizhao_china,252.00000000000003
2024-10-23,coking_coal_australia,204.83
2024-10-23,iron_ore_62fe,103.21
2024-10-23,rebar_turkey_fob,592.5
2024-10-23,rebar_uae_exworks,2240.0
2024-10-23,scrap_hms12_turkey,371.5
2024-10-24,billet_cis_fob,482.5
2024-10-24,billet_gcc_cfr,487.5
2024-10-24,billet_saudi_exworks,519.3333333333334
2024-10-24,coke_lvliang_china,238.00000000000003
2024-10-24,coke_rizhao_china,252.00000000000003
2024-10-24,coking_coal_australia,204.83
2024-10-24,iron_ore_62fe,100.91
2024-10-24,rebar_turkey_fob,587.5
2024-10-24,rebar_uae_exworks,2240.0
2024-10-24,scrap_hms12_turkey,365.0
2024-10-25,billet_cis_fob,480.0
2024-10-25,billet_gcc_cfr,494.0
2024-10-25,billet_saudi_exworks,519.3333333333334
2024-10-25,coke_lvliang_china,231.00000000000003
2024-10-25,coke_rizhao_china,246.40000000000003
2024-10-25,coking_coal_australia,200.65
2024-10-25,iron_ore_62fe,101.72
2024-10-25,rebar_turkey_fob,592.5
2024-10-25,rebar_uae_exworks,2240.0
2024-10-25,scrap_hms12_turkey,364.0
2024-10-26,billet_cis_fob,480.0
2024-10-26,billet_gcc_cfr,494.0
2024-10-26,billet_saudi_exworks,519.3333333333334
2024-10-26,coke_lvliang_china,231.00000000000003
2024-10-26,coke_rizhao_china,246.40000000000003
2024-10-26,coking_coal_australia,200.65
2024-10-26,iron_ore_62fe,101.72
2024-10-26,rebar_turkey_fob,592.5
2024-10-26,rebar_uae_exworks,2240.0
2024-10-26,scrap_hms12_turkey,364.0
2024-10-27,billet_cis_fob,480.0
2024-10-27,billet_gcc_cfr,494.0
2024-10-27,billet_saudi_exworks,519.3333333333334
2024-10-27,coke_lvliang_china,231.00000000000003
2024-10-27,coke_rizhao_china,246.40000000000003
2024-10-27,coking_coal_australia,200.65
2024-10-27,iron_ore_62fe,101.72
2024-10-27,rebar_turkey_fob,592.5
2024-10-27,rebar_uae_exworks,2240.0
2024-10-27,scrap_hms12_turkey,364.0
2024-10-28,billet_cis_fob,480.0
2024-10-28,billet_gcc_cfr,494.0
2024-10-28,billet_saudi_exworks,519.3333333333334
2024-10-28,coke_lvliang_china,231.00000000000003
2024-10-28,coke_rizhao_china,246.40000000000003
2024-10-28,coking_coal_australia,200.65
2024-10-28,iron_ore_62fe,104.8
2024-10-28,rebar_turkey_fob,591.0
2024-10-28,rebar_uae_exworks,2240.0
2024-10-28,scrap_hms12_turkey,362.0
2024-10-29,billet_cis_fob,480.0
2024-10-29,billet_gcc_cfr,494.0
2024-10-29,billet_saudi_exworks,519.3333333333334
2024-10-29,coke_lvliang_china,231.00000000000003
2024-10-29,coke_rizhao_china,246.40000000000003
2024-10-29,coking_coal_australia,200.65
2024-10-29,iron_ore_62fe,104.01
2024-10-29,rebar_turkey_fob,591.0
2024-10-29,rebar_uae_exworks,2240.0
2024-10-29,scrap_hms12_turkey,362.0
2024-10-30,billet_cis_fob,480.0
2024-10-30,billet_gcc_cfr,494.0
2024-10-30,billet_saudi_exworks,519.3333333333334
2024-10-30,coke_lvliang_china,231.00000000000003
2024-10-30,coke_rizhao_china,246.40000000000003
2024-10-30,coking_coal_australia,200.65
2024-10-30,iron_ore_62fe,105.34
2024-10-30,rebar_turkey_fob,591.0
2024-10-30,rebar_uae_exworks,2240.0
2024-10-30,scrap_hms12_turkey,362.0
2024-10-31,billet_cis_fob,480.0
2024-10-31,billet_gcc_cfr,494.0
2024-10-31,billet_saudi_exworks,519.3333333333334
2024-10-31,coke_lvliang_china,231.00000000000003
2024-10-31,coke_rizhao_china,246.40000000000003
2024-10-31,coking_coal_australia,200.65
2024-10-31,iron_ore_62fe,105.1
2024-10-31,rebar_turkey_fob,590.0
2024-10-31,rebar_uae_exworks,2221.5
2024-10-31,scrap_hms12_turkey,363.0
2024-11-01,billet_cis_fob,472.5
2024-11-01,billet_gcc_cfr,497.5
2024-11-01,billet_saudi_exworks,525.3333333333334
2024-11-01,coke_lvliang_china,231.00000000000003
2024-11-01,coke_rizhao_china,246.40000000000003
2024-11-01,coking_coal_australia,205.9
2024-11-01,iron_ore_62fe,102.85
2024-11-01,rebar_turkey_fob,590.0
2024-11-01,rebar_uae_exworks,2221.5
2024-11-01,scrap_hms12_turkey,363.0
2024-11-02,billet_cis_fob,472.5
2024-11-02,billet_gcc_cfr,497.5
2024-11-02,billet_saudi_exworks,525.3333333333334
2024-11-02,coke_lvliang_china,231.00000000000003
2024-11-02,coke_rizhao_china,246.40000000000003
2024-11-02,coking_coal_australia,205.9
2024-11-02,iron_ore_62fe,102.85
2024-11-02,rebar_turkey_fob,590.0
2024-11-02,rebar_uae_exworks,2221.5
2024-11-02,scrap_hms12_turkey,363.0
2024-11-03,billet_cis_fob,472.5
2024-11-03,billet_gcc_cfr,497.5
2024-11-03,billet_saudi_exworks,525.3333333333334
2024-11-03,coke_lvliang_china,231.00000000000003
2024-11-03,coke_rizhao_china,246.40000000000003
2024-11-03,coking_coal_australia,205.9
2024-11-03,iron_ore_62fe,102.85
2024-11-03,rebar_turkey_fob,590.0
2024-11-03,rebar_uae_exworks,2221.5
2024-11-03,scrap_hms12_turkey,363.0
2024-11-04,billet_cis_fob,472.5
2024-11-04,billet_gcc_cfr,497.5
2024-11-04,billet_saudi_exworks,525.3333333333334
2024-11-04,coke_lvliang_china,231.00000000000003
2024-11-04,coke_rizhao_china,246.40000000000003
2024-11-04,coking_coal_australia,205.9
2024-11-04,iron_ore_62fe,106.0
2024-11-04,rebar_turkey_fob,590.0
2024-11-04,rebar_uae_exworks,2221.5
2024-11-04,scrap_hms12_turkey,364.0
2024-11-05,billet_cis_fob,472.5
2024-11-05,billet_gcc_cfr,497.5
2024-11-05,billet_saudi_exworks,525.3333333333334
2024-11-05,coke_lvliang_china,231.00000000000003
2024-11-05,coke_rizhao_china,246.40000000000003
2024-11-05,coking_coal_australia,205.9
2024-11-05,iron_ore_62fe,105.21
2024-11-05,rebar_turkey_fob,590.0
2024-11-05,rebar_uae_exworks,2221.5
2024-11-05,scrap_hms12_turkey,364.5
2024-11-06,billet_cis_fob,472.5
2024-11-06,billet_gcc_cfr,497.5
2024-11-06,billet_saudi_exworks,525.3333333333334
2024-11-06,coke_lvliang_china,231.00000000000003
2024-11-06,coke_rizhao_china,246.40000000000003
2024-11-06,coking_coal_australia,205.9
2024-11-06,iron_ore_62fe,106.26
2024-11-06,rebar_turkey_fob,587.5
2024-11-06,rebar_uae_exworks,2221.5
2024-11-06,scrap_hms12_turkey,364.5
2024-11-07,billet_cis_fob,472.5
2024-11-07,billet_gcc_cfr,497.5
2024-11-07,billet_saudi_exworks,525.3333333333334
2024-11-07,coke_lvliang_china,231.00000000000003
2024-11-07,coke_rizhao_china,246.40000000000003
2024-11-07,coking_coal_australia,205.9
2024-11-07,iron_ore_62fe,106.41
2024-11-07,rebar_turkey_fob,587.5
2024-11-07,rebar_uae_exworks,2221.5
2024-11-07,scrap_hms12_turkey,364.5
2024-11-08,billet_cis_fob,467.5
2024-11-08,billet_gcc_cfr,480.0
2024-11-08,billet_saudi_exworks,540.0
2024-11-08,coke_lvliang_china,224.00000000000003
2024-11-08,coke_rizhao_china,245.00000000000003
2024-11-08,coking_coal_australia,208.31
2024-11-08,iron_ore_62fe,105.38
2024-11-08,rebar_turkey_fob,587.5
2024-11-08,rebar_uae_exworks,2221.5
2024-11-08,scrap_hms12_turkey,362.5
2024-11-09,billet_cis_fob,467.5
2024-11-09,billet_gcc_cfr,480.0
2024-11-09,billet_saudi_exworks,540.0
2024-11-09,coke_lvliang_china,224.00000000000003
2024-11-09,coke_rizhao_china,245.00000000000003
2024-11-09,coking_coal_australia,208.31
2024-11-09,iron_ore_62fe,105.38
2024-11-09,rebar_turkey_fob,587.5
2024-11-09,rebar_uae_exworks,2221.5
2024-11-09,scrap_hms12_turkey,362.5
2024-11-10,billet_cis_fob,467.5
2024-11-10,billet_gcc_cfr,480.0
2024-11-10,billet_saudi_exworks,540.0
2024-11-10,coke_lvliang_china,224.00000000000003
2024-11-10,coke_rizhao_china,245.00000000000003
2024-11-10,coking_coal_australia,208.31
2024-11-10,iron_ore_62fe,105.38
2024-11-10,rebar_turkey_fob,587.5
2024-11-10,rebar_uae_exworks,2221.5
2024-11-10,scrap_hms12_turkey,362.5
2024-11-11,billet_cis_fob,467.5
2024-11-11,billet_gcc_cfr,480.0
2024-11-11,billet_saudi_exworks,540.0
2024-11-11,coke_lvliang_china,224.00000000000003
2024-11-11,coke_rizhao_china,245.00000000000003
2024-11-11,coking_coal_australia,208.31
2024-11-11,iron_ore_62fe,103.21
2024-11-11,rebar_turkey_fob,587.5
2024-11-11,rebar_uae_exworks,2221.5
2024-11-11,scrap_hms12_turkey,362.0
2024-11-12,billet_cis_fob,467.5
2024-11-12,billet_gcc_cfr,480.0
2024-11-12,billet_saudi_exworks,540.0
2024-11-12,coke_lvliang_china,224.00000000000003
2024-11-12,coke_rizhao_china,245.00000000000003
2024-11-12,coking_coal_australia,208.31
2024-11-12,iron_ore_62fe,103.41
2024-11-12,rebar_turkey_fob,585.0
2024-11-12,rebar_uae_exworks,2221.5
2024-11-12,scrap_hms12_turkey,362.0
2024-11-13,billet_cis_fob,467.5
2024-11-13,billet_gcc_cfr,480.0
2024-11-13,billet_saudi_exworks,540.0
2024-11-13,coke_lvliang_china,224.00000000000003
2024-11-13,coke_rizhao_china,245.00000000000003
2024-11-13,coking_coal_australia,208.31
2024-11-13,iron_ore_62fe,102.49
2024-11-13,rebar_turkey_fob,582.5
2024-11-13,rebar_uae_exworks,2221.5
2024-11-13,scrap_hms12_turkey,360.5
2024-11-14,billet_cis_fob,467.5
2024-11-14,billet_gcc_cfr,480.0
2024-11-14,billet_saudi_exworks,540.0
2024-11-14,coke_lvliang_china,224.00000000000003
2024-11-14,coke_rizhao_china,245.00000000000003
2024-11-14,coking_coal_australia,208.31
2024-11-14,iron_ore_62fe,101.96
2024-11-14,rebar_turkey_fob,582.5
2024-11-14,rebar_uae_exworks,2221.5
2024-11-14,scrap_hms12_turkey,358.0
2024-11-15,billet_cis_fob,467.5
2024-11-15,billet_gcc_cfr,485.0
2024-11-15,billet_saudi_exworks,540.0
2024-11-15,coke_lvliang_china,224.00000000000003
2024-11-15,coke_rizhao_china,235.20000000000002
2024-11-15,coking_coal_australia,205.92
2024-11-15,iron_ore_62fe,98.67
2024-11-15,rebar_turkey_fob,580.0
2024-11-15,rebar_uae_exworks,2221.5
2024-11-15,scrap_hms12_turkey,356.0
2024-11-16,billet_cis_fob,467.5
2024-11-16,billet_gcc_cfr,485.0
2024-11-16,billet_saudi_exworks,540.0
2024-11-16,coke_lvliang_china,224.00000000000003
2024-11-16,coke_rizhao_china,235.20000000000002
2024-11-16,coking_coal_australia,205.92
2024-11-16,iron_ore_62fe,98.67
2024-11-16,rebar_turkey_fob,580.0
2024-11-16,rebar_uae_exworks,2221.5
2024-11-16,scrap_hms12_turkey,356.0
2024-11-17,billet_cis_fob,467.5
2024-11-17,billet_gcc_cfr,485.0
2024-11-17,billet_saudi_exworks,540.0
2024-11-17,coke_lvliang_china,224.00000000000003
2024-11-17,coke_rizhao_china,235.20000000000002
2024-11-17,coking_coal_australia,205.92
2024-11-17,iron_ore_62fe,98.67
2024-11-17,rebar_turkey_fob,580.0
2024-11-17,rebar_uae_exworks,2221.5
2024-11-17,scrap_hms12_turkey,356.0
2024-11-18,billet_cis_fob,467.5
2024-11-18,billet_gcc_cfr,485.0
2024-11-18,billet_saudi_exworks,540.0
2024-11-18,coke_lvliang_china,224.00000000000003
2024-11-18,coke_rizhao_china,235.20000000000002
2024-11-18,coking_coal_australia,205.92
2024-11-18,iron_ore_62fe,100.32
2024-11-18,rebar_turkey_fob,580.0
2024-11-18,rebar_uae_exworks,2221.5
2024-11-18,scrap_hms12_turkey,355.5
2024-11-19,billet_cis_fob,467.5
2024-11-19,billet_gcc_cfr,485.0
2024-11-19,billet_saudi_exworks,540.0
2024-11-19,coke_lvliang_china,224.00000000000003
2024-11-19,coke_rizhao_china,235.20000000000002
2024-11-19,coking_coal_australia,205.92
2024-11-19,iron_ore_62fe,103.15
2024-11-19,rebar_turkey_fob,577.5
2024-11-19,rebar_uae_exworks,2221.5
2024-11-19,scrap_hms12_turkey,353.0
2024-11-20,billet_cis_fob,467.5
2024-11-20,billet_gcc_cfr,485.0
2024-11-20,billet_saudi_exworks,540.0
2024-11-20,coke_lvliang_china,224.00000000000003
2024-11-20,coke_rizhao_china,235.20000000000002
2024-11-20,coking_coal_australia,205.92
2024-11-20,iron_ore_62fe,102.93
2024-11-20,rebar_turkey_fob,575.0
2024-11-20,rebar_uae_exworks,2221.5
2024-11-20,scrap_hms12_turkey,346.0
2024-11-21,billet_cis_fob,467.5
2024-11-21,billet_gcc_cfr,485.0
2024-11-21,billet_saudi_exworks,540.0
2024-11-21,coke_lvliang_china,224.00000000000003
2024-11-21,coke_rizhao_china,235.20000000000002
2024-11-21,coking_coal_australia,205.92
2024-11-21,iron_ore_62fe,102.95
2024-11-21,rebar_turkey_fob,572.5
2024-11-21,rebar_uae_exworks,2221.5
2024-11-21,scrap_hms12_turkey,345.0
2024-11-22,billet_cis_fob,460.0
2024-11-22,billet_gcc_cfr,487.5
2024-11-22,billet_saudi_exworks,548.0
2024-11-22,coke_lvliang_china,217.00000000000003
2024-11-22,coke_rizhao_china,233.8
2024-11-22,coking_coal_australia,205.24
2024-11-22,iron_ore_62fe,104.13
2024-11-22,rebar_turkey_fob,570.0
2024-11-22,rebar_uae_exworks,2221.5
2024-11-22,scrap_hms12_turkey,344.5
2024-11-23,billet_cis_fob,460.0
2024-11-23,billet_gcc_cfr,487.5
2024-11-23,billet_saudi_exworks,548.0
2024-11-23,coke_lvliang_china,217.00000000000003
2024-11-23,coke_rizhao_china,233.8
2024-11-23,coking_coal_australia,205.24
2024-11-23,iron_ore_62fe,104.13
2024-11-23,rebar_turkey_fob,570.0
2024-11-23,rebar_uae_exworks,2221.5
2024-11-23,scrap_hms12_turkey,344.5
2024-11-24,billet_cis_fob,460.0
2024-11-24,billet_gcc_cfr,487.5
2024-11-24,billet_saudi_exworks,548.0
2024-11-24,coke_lvliang_china,217.00000000000003
2024-11-24,coke_rizhao_china,233.8
2024-11-24,coking_coal_australia,205.24
2024-11-24,iron_ore_62fe,104.13
2024-11-24,rebar_turkey_fob,570.0
2024-11-24,rebar_uae_exworks,2221.5
2024-11-24,scrap_hms12_turkey,344.5
2024-11-25,billet_cis_fob,460.0
2024-11-25,billet_gcc_cfr,487.5
2024-11-25,billet_saudi_exworks,548.0
2024-11-25,coke_lvliang_china,217.00000000000003
2024-11-25,coke_rizhao_china,233.8
2024-11-25,coking_coal_australia,205.24
2024-11-25,iron_ore_62fe,104.99
2024-11-25,rebar_turkey_fob,570.0
2024-11-25,rebar_uae_exworks,2221.5
2024-11-25,scrap_hms12_turkey,344.5
2024-11-26,billet_cis_fob,460.0
2024-11-26,billet_gcc_cfr,487.5
2024-11-26,billet_saudi_exworks,548.0
2024-11-26,coke_lvliang_china,217.00000000000003
2024-11-26,coke_rizhao_china,233.8
2024-11-26,coking_coal_australia,205.24
2024-11-26,iron_ore_62fe,102.97
2024-11-26,rebar_turkey_fob,570.0
2024-11-26,rebar_uae_exworks,2221.5
2024-11-26,scrap_hms12_turkey,343.5
2024-11-27,billet_cis_fob,460.0
2024-11-27,billet_gcc_cfr,487.5
2024-11-27,billet_saudi_exworks,548.0
2024-11-27,coke_lvliang_china,217.00000000000003
2024-11-27,coke_rizhao_china,233.8
2024-11-27,coking_coal_australia,205.24
2024-11-27,iron_ore_62fe,103.95
2024-11-27,rebar_turkey_fob,567.5
2024-11-27,rebar_uae_exworks,2221.5
2024-11-27,scrap_hms12_turkey,343.5
2024-11-28,billet_cis_fob,460.0
2024-11-28,billet_gcc_cfr,487.5
2024-11-28,billet_saudi_exworks,548.0
2024-11-28,coke_lvliang_china,217.00000000000003
2024-11-28,coke_rizhao_china,233.8
2024-11-28,coking_coal_australia,205.24
2024-11-28,iron_ore_62fe,104.01
2024-11-28,rebar_turkey_fob,567.5
2024-11-28,rebar_uae_exworks,2221.5
2024-11-28,scrap_hms12_turkey,342.0
2024-11-29,billet_cis_fob,449.0
2024-11-29,billet_gcc_cfr,475.0
2024-11-29,billet_saudi_exworks,548.0
2024-11-29,coke_lvliang_china,217.00000000000003
2024-11-29,coke_rizhao_china,233.8
2024-11-29,coking_coal_australia,205.05
2024-11-29,iron_ore_62fe,105.03
2024-11-29,rebar_turkey_fob,567.5
2024-11-29,rebar_uae_exworks,2260.0
2024-11-29,scrap_hms12_turkey,338.5
2024-11-30,billet_cis_fob,449.0
2024-11-30,billet_gcc_cfr,475.0
2024-11-30,billet_saudi_exworks,548.0
2024-11-30,coke_lvliang_china,217.00000000000003
2024-11-30,coke_rizhao_china,233.8
2024-11-30,coking_coal_australia,205.05
2024-11-30,iron_ore_62fe,105.03
2024-11-30,rebar_turkey_fob,567.5
2024-11-30,rebar_uae_exworks,2260.0
2024-11-30,scrap_hms12_turkey,338.5
2024-12-01,billet_cis_fob,449.0
2024-12-01,billet_gcc_cfr,475.0
2024-12-01,billet_saudi_exworks,548.0
2024-12-01,coke_lvliang_china,217.00000000000003
2024-12-01,coke_rizhao_china,233.8
2024-12-01,coking_coal_australia,205.05
2024-12-01,iron_ore_62fe,105.03
2024-12-01,rebar_turkey_fob,567.5
2024-12-01,rebar_uae_exworks,2260.0
2024-12-01,scrap_hms12_turkey,338.5
2024-12-02,billet_cis_fob,449.0
2024-12-02,billet_gcc_cfr,475.0
2024-12-02,billet_saudi_exworks,548.0
2024-12-02,coke_lvliang_china,217.00000000000003
2024-12-02,coke_rizhao_china,233.8
2024-12-02,coking_coal_australia,205.05
2024-12-02,iron_ore_62fe,105.88
2024-12-02,rebar_turkey_fob,567.5
2024-12-02,rebar_uae_exworks,2260.0
2024-12-02,scrap_hms12_turkey,338.5
2024-12-03,billet_cis_fob,449.0
2024-12-03,billet_gcc_cfr,475.0
2024-12-03,billet_saudi_exworks,548.0
2024-12-03,coke_lvliang_china,217.00000000000003
2024-12-03,coke_rizhao_china,233.8
2024-12-03,coking_coal_australia,205.05
2024-12-03,iron_ore_62fe,106.42
2024-12-03,rebar_turkey_fob,565.0
2024-12-03,rebar_uae_exworks,2260.0
2024-12-03,scrap_hms12_turkey,338.0
2024-12-04,billet_cis_fob,449.0
2024-12-04,billet_gcc_cfr,475.0
2024-12-04,billet_saudi_exworks,548.0
2024-12-04,coke_lvliang_china,217.00000000000003
2024-12-04,coke_rizhao_china,233.8
2024-12-04,coking_coal_australia,205.05
2024-12-04,iron_ore_62fe,106.6
2024-12-04,rebar_turkey_fob,562.5
2024-12-04,rebar_uae_exworks,2260.0
2024-12-04,scrap_hms12_turkey,338.0
2024-12-05,billet_cis_fob,449.0
2024-12-05,billet_gcc_cfr,475.0
2024-12-05,billet_saudi_exworks,548.0
2024-12-05,coke_lvliang_china,217.00000000000003
2024-12-05,coke_rizhao_china,233.8
2024-12-05,coking_coal_australia,205.05
2024-12-05,iron_ore_62fe,105.11
2024-12-05,rebar_turkey_fob,562.5
2024-12-05,rebar_uae_exworks,2260.0
2024-12-05,scrap_hms12_turkey,338.0
2024-12-06,billet_cis_fob,445.0
2024-12-06,billet_gcc_cfr,470.0
2024-12-06,billet_saudi_exworks,550.6666666666666
2024-12-06,coke_lvliang_china,217.00000000000003
2024-12-06,coke_rizhao_china,229.60000000000002
2024-12-06,coking_coal_australia,202.78
2024-12-06,iron_ore_62fe,108.33
2024-12-06,rebar_turkey_fob,562.5
2024-12-06,rebar_uae_exworks,2260.0
2024-12-06,scrap_hms12_turkey,338.0
2024-12-07,billet_cis_fob,445.0
2024-12-07,billet_gcc_cfr,470.0
2024-12-07,billet_saudi_exworks,550.6666666666666
2024-12-07,coke_lvliang_china,217.00000000000003
2024-12-07,coke_rizhao_china,229.60000000000002
2024-12-07,coking_coal_australia,202.78
2024-12-07,iron_ore_62fe,108.33
2024-12-07,rebar_turkey_fob,562.5
2024-12-07,rebar_uae_exworks,2260.0
2024-12-07,scrap_hms12_turkey,338.0
2024-12-08,billet_cis_fob,445.0
2024-12-08,billet_gcc_cfr,470.0
2024-12-08,billet_saudi_exworks,550.6666666666666
2024-12-08,coke_lvliang_china,217.00000000000003
2024-12-08,coke_rizhao_china,229.60000000000002
2024-12-08,coking_coal_australia,202.78
2024-12-08,iron_ore_62fe,108.33
2024-12-08,rebar_turkey_fob,562.5
2024-12-08,rebar_uae_exworks,2260.0
2024-12-08,scrap_hms12_turkey,338.0
2024-12-09,billet_cis_fob,445.0
2024-12-09,billet_gcc_cfr,470.0
2024-12-09,billet_saudi_exworks,550.6666666666666
2024-12-09,coke_lvliang_china,217.00000000000003
2024-12-09,coke_rizhao_china,229.60000000000002
2024-12-09,coking_coal_australia,202.78
2024-12-09,iron_ore_62fe,106.65
2024-12-09,rebar_turkey_fob,562.5
2024-12-09,rebar_uae_exworks,2260.0
2024-12-09,scrap_hms12_turkey,338.0
2024-12-10,billet_cis_fob,445.0
2024-12-10,billet_gcc_cfr,470.0
2024-12-10,billet_saudi_exworks,550.6666666666666
2024-12-10,coke_lvliang_china,217.00000000000003
2024-12-10,coke_rizhao_china,229.60000000000002
2024-12-10,coking_coal_australia,202.78
2024-12-10,iron_ore_62fe,106.66
2024-12-10,rebar_turkey_fob,562.5
2024-12-10,rebar_uae_exworks,2260.0
2024-12-10,scrap_hms12_turkey,345.5
2024-12-11,billet_cis_fob,445.0
2024-12-11,billet_gcc_cfr,470.0
2024-12-11,billet_saudi_exworks,550.6666666666666
2024-12-11,coke_lvliang_china,217.00000000000003
2024-12-11,coke_rizhao_china,229.60000000000002
2024-12-11,coking_coal_australia,202.78
2024-12-11,iron_ore_62fe,106.17
2024-12-11,rebar_turkey_fob,562.5
2024-12-11,rebar_uae_exworks,2260.0
2024-12-11,scrap_hms12_turkey,345.5
2024-12-12,billet_cis_fob,445.0
2024-12-12,billet_gcc_cfr,470.0
2024-12-12,billet_saudi_exworks,550.6666666666666
2024-12-12,coke_lvliang_china,217.00000000000003
2024-12-12,coke_rizhao_china,229.60000000000002
2024-12-12,coking_coal_australia,202.78
2024-12-12,iron_ore_62fe,107.71
2024-12-12,rebar_turkey_fob,565.0
2024-12-12,rebar_uae_exworks,2260.0
2024-12-12,scrap_hms12_turkey,346.5
2024-12-13,billet_cis_fob,445.0
2024-12-13,billet_gcc_cfr,472.5
2024-12-13,billet_saudi_exworks,553.3333333333334
2024-12-13,coke_lvliang_china,210.00000000000003
2024-12-13,coke_rizhao_china,229.60000000000002
2024-12-13,coking_coal_australia,211.29
2024-12-13,iron_ore_62fe,105.81
2024-12-13,rebar_turkey_fob,567.5
2024-12-13,rebar_uae_exworks,2260.0
2024-12-13,scrap_hms12_turkey,347.25
2024-12-14,billet_cis_fob,445.0
2024-12-14,billet_gcc_cfr,472.5
2024-12-14,billet_saudi_exworks,553.3333333333334
2024-12-14,coke_lvliang_china,210.00000000000003
2024-12-14,coke_rizhao_china,229.60000000000002
2024-12-14,coking_coal_australia,211.29
2024-12-14,iron_ore_62fe,105.81
2024-12-14,rebar_turkey_fob,567.5
2024-12-14,rebar_uae_exworks,2260.0
2024-12-14,scrap_hms12_turkey,347.25
2024-12-15,billet_cis_fob,445.0
2024-12-15,billet_gcc_cfr,472.5
2024-12-15,billet_saudi_exworks,553.3333333333334
2024-12-15,coke_lvliang_china,210.00000000000003
2024-12-15,coke_rizhao_china,229.60000000000002
2024-12-15,coking_coal_australia,211.29
2024-12-15,iron_ore_62fe,105.81
2024-12-15,rebar_turkey_fob,567.5
2024-12-15,rebar_uae_exworks,2260.0
2024-12-15,scrap_hms12_turkey,347.25
2024-12-16,billet_cis_fob,445.0
2024-12-16,billet_gcc_cfr,472.5
2024-12-16,billet_saudi_exworks,553.3333333333334
2024-12-16,coke_lvliang_china,210.00000000000003
2024-12-16,coke_rizhao_china,229.60000000000002
2024-12-16,coking_coal_australia,211.29
2024-12-16,iron_ore_62fe,105.91
2024-12-16,rebar_turkey_fob,570.0
2024-12-16,rebar_uae_exworks,2260.0
2024-12-16,scrap_hms12_turkey,354.0
2024-12-17,billet_cis_fob,445.0
2024-12-17,billet_gcc_cfr,472.5
2024-12-17,billet_saudi_exworks,553.3333333333334
2024-12-17,coke_lvliang_china,210.00000000000003
2024-12-17,coke_rizhao_china,229.60000000000002
2024-12-17,coking_coal_australia,211.29
2024-12-17,iron_ore_62fe,107.34
2024-12-17,rebar_turkey_fob,570.0
2024-12-17,rebar_uae_exworks,2260.0
2024-12-17,scrap_hms12_turkey,354.0
2024-12-18,billet_cis_fob,445.0
2024-12-18,billet_gcc_cfr,472.5
2024-12-18,billet_saudi_exworks,553.3333333333334
2024-12-18,coke_lvliang_china,210.00000000000003
2024-12-18,coke_rizhao_china,229.60000000000002
2024-12-18,coking_coal_australia,211.29
2024-12-18,iron_ore_62fe,104.03
2024-12-18,rebar_turkey_fob,570.0
2024-12-18,rebar_uae_exworks,2260.0
2024-12-18,scrap_hms12_turkey,352.5
2024-12-19,billet_cis_fob,445.0
2024-12-19,billet_gcc_cfr,472.5
2024-12-19,billet_saudi_exworks,553.3333333333334
2024-12-19,coke_lvliang_china,210.00000000000003
2024-12-19,coke_rizhao_china,229.60000000000002
2024-12-19,coking_coal_australia,211.29
2024-12-19,iron_ore_62fe,103.06
2024-12-19,rebar_turkey_fob,570.0
2024-12-19,rebar_uae_exworks,2260.0
2024-12-19,scrap_hms12_turkey,352.5
2024-12-20,billet_cis_fob,447.5
2024-12-20,billet_gcc_cfr,477.5
2024-12-20,billet_saudi_exworks,545.3333333333334
2024-12-20,coke_lvliang_china,210.00000000000003
2024-12-20,coke_rizhao_china,226.8
2024-12-20,coking_coal_australia,204.38
2024-12-20,iron_ore_62fe,102.93
2024-12-20,rebar_turkey_fob,567.5
2024-12-20,rebar_uae_exworks,2260.0
2024-12-20,scrap_hms12_turkey,351.0
2024-12-21,billet_cis_fob,447.5
2024-12-21,billet_gcc_cfr,477.5
2024-12-21,billet_saudi_exworks,545.3333333333334
2024-12-21,coke_lvliang_china,210.00000000000003
2024-12-21,coke_rizhao_china,226.8
2024-12-21,coking_coal_australia,204.38
2024-12-21,iron_ore_62fe,102.93
2024-12-21,rebar_turkey_fob,567.5
2024-12-21,rebar_uae_exworks,2260.0
2024-12-21,scrap_hms12_turkey,351.0
2024-12-22,billet_cis_fob,447.5
2024-12-22,billet_gcc_cfr,477.5
2024-12-22,billet_saudi_exworks,545.3333333333334
2024-12-22,coke_lvliang_china,210.00000000000003
2024-12-22,coke_rizhao_china,226.8
2024-12-22,coking_coal_australia,204.38
2024-12-22,iron_ore_62fe,102.93
2024-12-22,rebar_turkey_fob,567.5
2024-12-22,rebar_uae_exworks,2260.0
2024-12-22,scrap_hms12_turkey,351.0
2024-12-23,billet_cis_fob,447.5
2024-12-23,billet_gcc_cfr,477.5
2024-12-23,billet_saudi_exworks,545.3333333333334
2024-12-23,coke_lvliang_china,210.00000000000003
2024-12-23,coke_rizhao_china,226.8
2024-12-23,coking_coal_australia,204.38
2024-12-23,iron_ore_62fe,106.51
2024-12-23,rebar_turkey_fob,567.5
2024-12-23,rebar_uae_exworks,2260.0
2024-12-23,scrap_hms12_turkey,350.0
2024-12-24,billet_cis_fob,447.5
2024-12-24,billet_gcc_cfr,477.5
2024-12-24,billet_saudi_exworks,545.3333333333334
2024-12-24,coke_lvliang_china,210.00000000000003
2024-12-24,coke_rizhao_china,226.8
2024-12-24,coking_coal_australia,204.38
2024-12-24,iron_ore_62fe,105.99
2024-12-24,rebar_turkey_fob,567.5
2024-12-24,rebar_uae_exworks,2260.0
2024-12-24,scrap_hms12_turkey,350.0
2024-12-25,billet_cis_fob,447.5
2024-12-25,billet_gcc_cfr,477.5
2024-12-25,billet_saudi_exworks,545.3333333333334
2024-12-25,coke_lvliang_china,210.00000000000003
2024-12-25,coke_rizhao_china,226.8
2024-12-25,coking_coal_australia,204.38
2024-12-25,iron_ore_62fe,105.49
2024-12-25,rebar_turkey_fob,567.5
2024-12-25,rebar_uae_exworks,2260.0
2024-12-25,scrap_hms12_turkey,350.0
2024-12-26,billet_cis_fob,447.5
2024-12-26,billet_gcc_cfr,477.5
2024-12-26,billet_saudi_exworks,545.3333333333334
2024-12-26,coke_lvliang_china,210.00000000000003
2024-12-26,coke_rizhao_china,226.8
2024-12-26,coking_coal_australia,204.38
2024-12-26,iron_ore_62fe,102.15
2024-12-26,rebar_turkey_fob,565.0
2024-12-26,rebar_uae_exworks,2260.0
2024-12-26,scrap_hms12_turkey,350.0
2024-12-27,billet_cis_fob,447.5
2024-12-27,billet_gcc_cfr,471.5
2024-12-27,billet_saudi_exworks,547.3333333333334
2024-12-27,coke_lvliang_china,203.00000000000003
2024-12-27,coke_rizhao_china,226.8
2024-12-27,coking_coal_australia,199.41
2024-12-27,iron_ore_62fe,99.94
2024-12-27,rebar_turkey_fob,562.5
2024-12-27,rebar_uae_exworks,2260.0
2024-12-27,scrap_hms12_turkey,349.0
2024-12-28,billet_cis_fob,447.5
2024-12-28,billet_gcc_cfr,471.5
2024-12-28,billet_saudi_exworks,547.3333333333334
2024-12-28,coke_lvliang_china,203.00000000000003
2024-12-28,coke_rizhao_china,226.8
2024-12-28,coking_coal_australia,199.41
2024-12-28,iron_ore_62fe,99.94
2024-12-28,rebar_turkey_fob,562.5
2024-12-28,rebar_uae_exworks,2260.0
2024-12-28,scrap_hms12_turkey,349.0
2024-12-29,billet_cis_fob,447.5
2024-12-29,billet_gcc_cfr,471.5
2024-12-29,billet_saudi_exworks,547.3333333333334
2024-12-29,coke_lvliang_china,203.00000000000003
2024-12-29,coke_rizhao_china,226.8
2024-12-29,coking_coal_australia,199.41
2024-12-29,iron_ore_62fe,99.94
2024-12-29,rebar_turkey_fob,562.5
2024-12-29,rebar_uae_exworks,2260.0
2024-12-29,scrap_hms12_turkey,349.0
2024-12-30,billet_cis_fob,447.5
2024-12-30,billet_gcc_cfr,471.5
2024-12-30,billet_saudi_exworks,547.3333333333334
2024-12-30,coke_lvliang_china,203.00000000000003
2024-12-30,coke_rizhao_china,226.8
2024-12-30,coking_coal_australia,199.41
2024-12-30,iron_ore_62fe,101.95
2024-12-30,rebar_turkey_fob,560.0
2024-12-30,rebar_uae_exworks,2260.0
2024-12-30,scrap_hms12_turkey,349.0
2024-12-31,billet_cis_fob,447.5
2024-12-31,billet_gcc_cfr,471.5
2024-12-31,billet_saudi_exworks,547.3333333333334
2024-12-31,coke_lvliang_china,203.00000000000003
2024-12-31,coke_rizhao_china,226.8
2024-12-31,coking_coal_australia,199.41
2024-12-31,iron_ore_62fe,104.83
2024-12-31,rebar_turkey_fob,560.0
2024-12-31,rebar_uae_exworks,2330.0
2024-12-31,scrap_hms12_turkey,349.0
2025-01-01,billet_cis_fob,447.5
2025-01-01,billet_gcc_cfr,471.5
2025-01-01,billet_saudi_exworks,547.3333333333334
2025-01-01,coke_lvliang_china,203.00000000000003
2025-01-01,coke_rizhao_china,226.8
2025-01-01,coking_coal_australia,199.41
2025-01-01,iron_ore_62fe,104.83
2025-01-01,rebar_turkey_fob,560.0
2025-01-01,rebar_uae_exworks,2330.0
2025-01-01,scrap_hms12_turkey,349.0
2025-01-02,billet_cis_fob,447.5
2025-01-02,billet_gcc_cfr,471.5
2025-01-02,billet_saudi_exworks,547.3333333333334
2025-01-02,coke_lvliang_china,203.00000000000003
2025-01-02,coke_rizhao_china,226.8
2025-01-02,coking_coal_australia,199.41
2025-01-02,iron_ore_62fe,101.48
2025-01-02,rebar_turkey_fob,560.0
2025-01-02,rebar_uae_exworks,2330.0
2025-01-02,scrap_hms12_turkey,348.5
2025-01-03,billet_cis_fob,443.0
2025-01-03,billet_gcc_cfr,454.0
2025-01-03,billet_saudi_exworks,516.6666666666666
2025-01-03,coke_lvliang_china,203.00000000000003
2025-01-03,coke_rizhao_china,224.00000000000003
2025-01-03,coking_coal_australia,202.32
2025-01-03,iron_ore_62fe,99.07
2025-01-03,rebar_turkey_fob,557.5
2025-01-03,rebar_uae_exworks,2330.0
2025-01-03,scrap_hms12_turkey,347.5
2025-01-04,billet_cis_fob,443.0
2025-01-04,billet_gcc_cfr,454.0
2025-01-04,billet_saudi_exworks,516.6666666666666
2025-01-04,coke_lvliang_china,203.00000000000003
2025-01-04,coke_rizhao_china,224.00000000000003
2025-01-04,coking_coal_australia,202.32
2025-01-04,iron_ore_62fe,99.07
2025-01-04,rebar_turkey_fob,557.5
2025-01-04,rebar_uae_exworks,2330.0
2025-01-04,scrap_hms12_turkey,347.5
2025-01-05,billet_cis_fob,443.0
2025-01-05,billet_gcc_cfr,454.0
2025-01-05,billet_saudi_exworks,516.6666666666666
2025-01-05,coke_lvliang_china,203.00000000000003
2025-01-05,coke_rizhao_china,224.00000000000003
2025-01-05,coking_coal_australia,202.32
2025-01-05,iron_ore_62fe,99.07
2025-01-05,rebar_turkey_fob,557.5
2025-01-05,rebar_uae_exworks,2330.0
2025-01-05,scrap_hms12_turkey,347.5
2025-01-06,billet_cis_fob,443.0
2025-01-06,billet_gcc_cfr,454.0
2025-01-06,billet_saudi_exworks,516.6666666666666
2025-01-06,coke_lvliang_china,203.00000000000003
2025-01-06,coke_rizhao_china,224.00000000000003
2025-01-06,coking_coal_australia,202.32
2025-01-06,iron_ore_62fe,96.9
2025-01-06,rebar_turkey_fob,557.5
2025-01-06,rebar_uae_exworks,2330.0
2025-01-06,scrap_hms12_turkey,346.0
2025-01-07,billet_cis_fob,443.0
2025-01-07,billet_gcc_cfr,454.0
2025-01-07,billet_saudi_exworks,516.6666666666666
2025-01-07,coke_lvliang_china,203.00000000000003
2025-01-07,coke_rizhao_china,224.00000000000003
2025-01-07,coking_coal_australia,202.32
2025-01-07,iron_ore_62fe,97.48
2025-01-07,rebar_turkey_fob,555.0
2025-01-07,rebar_uae_exworks,2330.0
2025-01-07,scrap_hms12_turkey,344.5
2025-01-08,billet_cis_fob,443.0
2025-01-08,billet_gcc_cfr,454.0
2025-01-08,billet_saudi_exworks,516.6666666666666
2025-01-08,coke_lvliang_china,203.00000000000003
2025-01-08,coke_rizhao_china,224.00000000000003
2025-01-08,coking_coal_australia,202.32
2025-01-08,iron_ore_62fe,97.48
2025-01-08,rebar_turkey_fob,555.0
2025-01-08,rebar_uae_exworks,2330.0
2025-01-08,scrap_hms12_turkey,343.0
2025-01-09,billet_cis_fob,443.0
2025-01-09,billet_gcc_cfr,454.0
2025-01-09,billet_saudi_exworks,516.6666666666666
2025-01-09,coke_lvliang_china,203.00000000000003
2025-01-09,coke_rizhao_china,224.00000000000003
2025-01-09,coking_coal_australia,202.32
2025-01-09,iron_ore_62fe,97.67
2025-01-09,rebar_turkey_fob,555.0
2025-01-09,rebar_uae_exworks,2330.0
2025-01-09,scrap_hms12_turkey,343.0
2025-01-10,billet_cis_fob,441.5
2025-01-10,billet_gcc_cfr,462.5
2025-01-10,billet_saudi_exworks,554.6666666666666
2025-01-10,coke_lvliang_china,196.00000000000003
2025-01-10,coke_rizhao_china,221.20000000000002
2025-01-10,coking_coal_australia,194.7
2025-01-10,iron_ore_62fe,97.75
2025-01-10,rebar_turkey_fob,555.0
2025-01-10,rebar_uae_exworks,2330.0
2025-01-10,scrap_hms12_turkey,342.0
2025-01-11,billet_cis_fob,441.5
2025-01-11,billet_gcc_cfr,462.5
2025-01-11,billet_saudi_exworks,554.6666666666666
2025-01-11,coke_lvliang_china,196.00000000000003
2025-01-11,coke_rizhao_china,221.20000000000002
2025-01-11,coking_coal_australia,194.7
2025-01-11,iron_ore_62fe,97.75
2025-01-11,rebar_turkey_fob,555.0
2025-01-11,rebar_uae_exworks,2330.0
2025-01-11,scrap_hms12_turkey,342.0
2025-01-12,billet_cis_fob,441.5
2025-01-12,billet_gcc_cfr,462.5
2025-01-12,billet_saudi_exworks,554.6666666666666
2025-01-12,coke_lvliang_china,196.00000000000003
2025-01-12,coke_rizhao_china,221.20000000000002
2025-01-12,coking_coal_australia,194.7
2025-01-12,iron_ore_62fe,97.75
2025-01-12,rebar_turkey_fob,555.0
2025-01-12,rebar_uae_exworks,2330.0
2025-01-12,scrap_hms12_turkey,342.0
2025-01-13,billet_cis_fob,441.5
2025-01-13,billet_gcc_cfr,462.5
2025-01-13,billet_saudi_exworks,554.6666666666666
2025-01-13,coke_lvliang_china,196.00000000000003
2025-01-13,coke_rizhao_china,221.20000000000002
2025-01-13,coking_coal_australia,194.7
2025-01-13,iron_ore_62fe,99.1
2025-01-13,rebar_turkey_fob,555.0
2025-01-13,rebar_uae_exworks,2330.0
2025-01-13,scrap_hms12_turkey,337.5
2025-01-14,billet_cis_fob,441.5
2025-01-14,billet_gcc_cfr,462.5
2025-01-14,billet_saudi_exworks,554.6666666666666
2025-01-14,coke_lvliang_china,196.00000000000003
2025-01-14,coke_rizhao_china,221.20000000000002
2025-01-14,coking_coal_australia,194.7
2025-01-14,iron_ore_62fe,100.35
2025-01-14,rebar_turkey_fob,555.0
2025-01-14,rebar_uae_exworks,2330.0
2025-01-14,scrap_hms12_turkey,337.5
2025-01-15,billet_cis_fob,441.5
2025-01-15,billet_gcc_cfr,462.5
2025-01-15,billet_saudi_exworks,554.6666666666666
2025-01-15,coke_lvliang_china,196.00000000000003
2025-01-15,coke_rizhao_china,221.20000000000002
2025-01-15,coking_coal_australia,194.7
2025-01-15,iron_ore_62fe,100.53
2025-01-15,rebar_turkey_fob,552.5
2025-01-15,rebar_uae_exworks,2330.0
2025-01-15,scrap_hms12_turkey,334.5
2025-01-16,billet_cis_fob,441.5
2025-01-16,billet_gcc_cfr,462.5
2025-01-16,billet_saudi_exworks,554.6666666666666
2025-01-16,coke_lvliang_china,196.00000000000003
2025-01-16,coke_rizhao_china,221.20000000000002
2025-01-16,coking_coal_australia,194.7
2025-01-16,iron_ore_62fe,102.3
2025-01-16,rebar_turkey_fob,552.5
2025-01-16,rebar_uae_exworks,2330.0
2025-01-16,scrap_hms12_turkey,334.5
2025-01-17,billet_cis_fob,435.0
2025-01-17,billet_gcc_cfr,457.5
2025-01-17,billet_saudi_exworks,554.6666666666666
2025-01-17,coke_lvliang_china,196.00000000000003
2025-01-17,coke_rizhao_china,219.8
2025-01-17,coking_coal_australia,190.24
2025-01-17,iron_ore_62fe,102.37
2025-01-17,rebar_turkey_fob,552.5
2025-01-17,rebar_uae_exworks,2330.0
2025-01-17,scrap_hms12_turkey,334.5
2025-01-18,billet_cis_fob,435.0
2025-01-18,billet_gcc_cfr,457.5
2025-01-18,billet_saudi_exworks,554.6666666666666
2025-01-18,coke_lvliang_china,196.00000000000003
2025-01-18,coke_rizhao_china,219.8
2025-01-18,coking_coal_australia,190.24
2025-01-18,iron_ore_62fe,102.37
2025-01-18,rebar_turkey_fob,552.5
2025-01-18,rebar_uae_exworks,2330.0
2025-01-18,scrap_hms12_turkey,334.5
2025-01-19,billet_cis_fob,435.0
2025-01-19,billet_gcc_cfr,457.5
2025-01-19,billet_saudi_exworks,554.6666666666666
2025-01-19,coke_lvliang_china,196.00000000000003
2025-01-19,coke_rizhao_china,219.8
2025-01-19,coking_coal_australia,190.24
2025-01-19,iron_ore_62fe,102.37
2025-01-19,rebar_turkey_fob,552.5
2025-01-19,rebar_uae_exworks,2330.0
2025-01-19,scrap_hms12_turkey,334.5
2025-01-20,billet_cis_fob,435.0
2025-01-20,billet_gcc_cfr,457.5
2025-01-20,billet_saudi_exworks,554.6666666666666
2025-01-20,coke_lvliang_china,196.00000000000003
2025-01-20,coke_rizhao_china,219.8
2025-01-20,coking_coal_australia,190.24
2025-01-20,iron_ore_62fe,102.3
2025-01-20,rebar_turkey_fob,550.0
2025-01-20,rebar_uae_exworks,2330.0
2025-01-20,scrap_hms12_turkey,334.5
2025-01-21,billet_cis_fob,435.0
2025-01-21,billet_gcc_cfr,457.5
2025-01-21,billet_saudi_exworks,554.6666666666666
2025-01-21,coke_lvliang_china,196.00000000000003
2025-01-21,coke_rizhao_china,219.8
2025-01-21,coking_coal_australia,190.24
2025-01-21,iron_ore_62fe,102.47
2025-01-21,rebar_turkey_fob,550.0
2025-01-21,rebar_uae_exworks,2330.0
2025-01-21,scrap_hms12_turkey,336.0
2025-01-22,billet_cis_fob,435.0
2025-01-22,billet_gcc_cfr,457.5
2025-01-22,billet_saudi_exworks,554.6666666666666
2025-01-22,coke_lvliang_china,196.00000000000003
2025-01-22,coke_rizhao_china,219.8
2025-01-22,coking_coal_australia,190.24
2025-01-22,iron_ore_62fe,102.16
2025-01-22,rebar_turkey_fob,550.0
2025-01-22,rebar_uae_exworks,2330.0
2025-01-22,scrap_hms12_turkey,337.5
2025-01-23,billet_cis_fob,435.0
2025-01-23,billet_gcc_cfr,457.5
2025-01-23,billet_saudi_exworks,554.6666666666666
2025-01-23,coke_lvliang_china,196.00000000000003
2025-01-23,coke_rizhao_china,219.8
2025-01-23,coking_coal_australia,190.24
2025-01-23,iron_ore_62fe,102.19
2025-01-23,rebar_turkey_fob,552.5
2025-01-23,rebar_uae_exworks,2330.0
2025-01-23,scrap_hms12_turkey,337.5
2025-01-24,billet_cis_fob,435.0
2025-01-24,billet_gcc_cfr,460.0
2025-01-24,billet_saudi_exworks,554.6666666666666
2025-01-24,coke_lvliang_china,189.00000000000003
2025-01-24,coke_rizhao_china,214.20000000000002
2025-01-24,coking_coal_australia,189.62
2025-01-24,iron_ore_62fe,104.51
2025-01-24,rebar_turkey_fob,552.5
2025-01-24,rebar_uae_exworks,2330.0
2025-01-24,scrap_hms12_turkey,341.5
2025-01-25,billet_cis_fob,435.0
2025-01-25,billet_gcc_cfr,460.0
2025-01-25,billet_saudi_exworks,554.6666666666666
2025-01-25,coke_lvliang_china,189.00000000000003
2025-01-25,coke_rizhao_china,214.20000000000002
2025-01-25,coking_coal_australia,189.62
2025-01-25,iron_ore_62fe,104.51
2025-01-25,rebar_turkey_fob,552.5
2025-01-25,rebar_uae_exworks,2330.0
2025-01-25,scrap_hms12_turkey,341.5
2025-01-26,billet_cis_fob,435.0
2025-01-26,billet_gcc_cfr,460.0
2025-01-26,billet_saudi_exworks,554.6666666666666
2025-01-26,coke_lvliang_china,189.00000000000003
2025-01-26,coke_rizhao_china,214.20000000000002
2025-01-26,coking_coal_australia,189.62
2025-01-26,iron_ore_62fe,104.51
2025-01-26,rebar_turkey_fob,552.5
2025-01-26,rebar_uae_exworks,2330.0
2025-01-26,scrap_hms12_turkey,341.5
2025-01-27,billet_cis_fob,435.0
2025-01-27,billet_gcc_cfr,460.0
2025-01-27,billet_saudi_exworks,554.6666666666666
2025-01-27,coke_lvliang_china,189.00000000000003
2025-01-27,coke_rizhao_china,214.20000000000002
2025-01-27,coking_coal_australia,189.62
2025-01-27,iron_ore_62fe,104.22
2025-01-27,rebar_turkey_fob,552.5
2025-01-27,rebar_uae_exworks,2330.0
2025-01-27,scrap_hms12_turkey,341.5
2025-01-28,billet_cis_fob,435.0
2025-01-28,billet_gcc_cfr,460.0
2025-01-28,billet_saudi_exworks,554.6666666666666
2025-01-28,coke_lvliang_china,189.00000000000003
2025-01-28,coke_rizhao_china,214.20000000000002
2025-01-28,coking_coal_australia,189.62
2025-01-28,iron_ore_62fe,103.98
2025-01-28,rebar_turkey_fob,552.5
2025-01-28,rebar_uae_exworks,2330.0
2025-01-28,scrap_hms12_turkey,342.5
2025-01-29,billet_cis_fob,435.0
2025-01-29,billet_gcc_cfr,460.0
2025-01-29,billet_saudi_exworks,554.6666666666666
2025-01-29,coke_lvliang_china,189.00000000000003
2025-01-29,coke_rizhao_china,214.20000000000002
2025-01-29,coking_coal_australia,189.62
2025-01-29,iron_ore_62fe,104.04
2025-01-29,rebar_turkey_fob,555.0
2025-01-29,rebar_uae_exworks,2330.0
2025-01-29,scrap_hms12_turkey,349.0
2025-01-30,billet_cis_fob,435.0
2025-01-30,billet_gcc_cfr,460.0
2025-01-30,billet_saudi_exworks,554.6666666666666
2025-01-30,coke_lvliang_china,189.00000000000003
2025-01-30,coke_rizhao_china,214.20000000000002
2025-01-30,coking_coal_australia,189.62
2025-01-30,iron_ore_62fe,104.15
2025-01-30,rebar_turkey_fob,562.5
2025-01-30,rebar_uae_exworks,2330.0
2025-01-30,scrap_hms12_turkey,349.0
2025-01-31,billet_cis_fob,435.0
2025-01-31,billet_gcc_cfr,459.5
2025-01-31,billet_saudi_exworks,553.3333333333334
2025-01-31,coke_lvliang_china,189.00000000000003
2025-01-31,coke_rizhao_china,214.20000000000002
2025-01-31,coking_coal_australia,189.6
2025-01-31,iron_ore_62fe,104.34
2025-01-31,rebar_turkey_fob,562.5
2025-01-31,rebar_uae_exworks,2325.0
2025-01-31,scrap_hms12_turkey,349.0
2025-02-01,billet_cis_fob,435.0
2025-02-01,billet_gcc_cfr,459.5
2025-02-01,billet_saudi_exworks,553.3333333333334
2025-02-01,coke_lvliang_china,189.00000000000003
2025-02-01,coke_rizhao_china,214.20000000000002
2025-02-01,coking_coal_australia,189.6
2025-02-01,iron_ore_62fe,104.34
2025-02-01,rebar_turkey_fob,562.5
2025-02-01,rebar_uae_exworks,2325.0
2025-02-01,scrap_hms12_turkey,349.0
2025-02-02,billet_cis_fob,435.0
2025-02-02,billet_gcc_cfr,459.5
2025-02-02,billet_saudi_exworks,553.3333333333334
2025-02-02,coke_lvliang_china,189.00000000000003
2025-02-02,coke_rizhao_china,214.20000000000002
2025-02-02,coking_coal_australia,189.6
2025-02-02,iron_ore_62fe,104.34
2025-02-02,rebar_turkey_fob,562.5
2025-02-02,rebar_uae_exworks,2325.0
2025-02-02,scrap_hms12_turkey,349.0
2025-02-03,billet_cis_fob,435.0
2025-02-03,billet_gcc_cfr,459.5
2025-02-03,billet_saudi_exworks,553.3333333333334
2025-02-03,coke_lvliang_china,189.00000000000003
2025-02-03,coke_rizhao_china,214.20000000000002
2025-02-03,coking_coal_australia,189.6
2025-02-03,iron_ore_62fe,105.27
2025-02-03,rebar_turkey_fob,562.5
2025-02-03,rebar_uae_exworks,2325.0
2025-02-03,scrap_hms12_turkey,349.5
2025-02-04,billet_cis_fob,435.0
2025-02-04,billet_gcc_cfr,459.5
2025-02-04,billet_saudi_exworks,553.3333333333334
2025-02-04,coke_lvliang_china,189.00000000000003
2025-02-04,coke_rizhao_china,214.20000000000002
2025-02-04,coking_coal_australia,189.6
2025-02-04,iron_ore_62fe,106.02
2025-02-04,rebar_turkey_fob,562.5
2025-02-04,rebar_uae_exworks,2325.0
2025-02-04,scrap_hms12_turkey,350.5
2025-02-05,billet_cis_fob,435.0
2025-02-05,billet_gcc_cfr,459.5
2025-02-05,billet_saudi_exworks,553.3333333333334
2025-02-05,coke_lvliang_china,189.00000000000003
2025-02-05,coke_rizhao_china,214.20000000000002
2025-02-05,coking_coal_australia,189.6
2025-02-05,iron_ore_62fe,104.61
2025-02-05,rebar_turkey_fob,565.0
2025-02-05,rebar_uae_exworks,2325.0
2025-02-05,scrap_hms12_turkey,353.5
2025-02-06,billet_cis_fob,435.0
2025-02-06,billet_gcc_cfr,459.5
2025-02-06,billet_saudi_exworks,553.3333333333334
2025-02-06,coke_lvliang_china,189.00000000000003
2025-02-06,coke_rizhao_china,214.20000000000002
2025-02-06,coking_coal_australia,189.6
2025-02-06,iron_ore_62fe,105.25
2025-02-06,rebar_turkey_fob,565.0
2025-02-06,rebar_uae_exworks,2325.0
2025-02-06,scrap_hms12_turkey,355.0
2025-02-07,billet_cis_fob,432.5
2025-02-07,billet_gcc_cfr,460.0
2025-02-07,billet_saudi_exworks,554.6666666666666
2025-02-07,coke_lvliang_china,189.00000000000003
2025-02-07,coke_rizhao_china,215.60000000000002
2025-02-07,coking_coal_australia,186.57
2025-02-07,iron_ore_62fe,105.59
2025-02-07,rebar_turkey_fob,560.0
2025-02-07,rebar_uae_exworks,2325.0
2025-02-07,scrap_hms12_turkey,355.0
2025-02-08,billet_cis_fob,432.5
2025-02-08,billet_gcc_cfr,460.0
2025-02-08,billet_saudi_exworks,554.6666666666666
2025-02-08,coke_lvliang_china,189.00000000000003
2025-02-08,coke_rizhao_china,215.60000000000002
2025-02-08,coking_coal_australia,186.57
2025-02-08,iron_ore_62fe,105.59
2025-02-08,rebar_turkey_fob,560.0
2025-02-08,rebar_uae_exworks,2325.0
2025-02-08,scrap_hms12_turkey,355.0
2025-02-09,billet_cis_fob,432.5
2025-02-09,billet_gcc_cfr,460.0
2025-02-09,billet_saudi_exworks,554.6666666666666
2025-02-09,coke_lvliang_china,189.00000000000003
2025-02-09,coke_rizhao_china,215.60000000000002
2025-02-09,coking_coal_australia,186.57
2025-02-09,iron_ore_62fe,105.59
2025-02-09,rebar_turkey_fob,560.0
2025-02-09,rebar_uae_exworks,2325.0
2025-02-09,scrap_hms12_turkey,355.0
2025-02-10,billet_cis_fob,432.5
2025-02-10,billet_gcc_cfr,460.0
2025-02-10,billet_saudi_exworks,554.6666666666666
2025-02-10,coke_lvliang_china,189.00000000000003
2025-02-10,coke_rizhao_china,215.60000000000002
2025-02-10,coking_coal_australia,186.57
2025-02-10,iron_ore_62fe,106.12
2025-02-10,rebar_turkey_fob,560.0
2025-02-10,rebar_uae_exworks,2325.0
2025-02-10,scrap_hms12_turkey,355.0
2025-02-11,billet_cis_fob,432.5
2025-02-11,billet_gcc_cfr,460.0
2025-02-11,billet_saudi_exworks,554.6666666666666
2025-02-11,coke_lvliang_china,189.00000000000003
2025-02-11,coke_rizhao_china,215.60000000000002
2025-02-11,coking_coal_australia,186.57
2025-02-11,iron_ore_62fe,105.82
2025-02-11,rebar_turkey_fob,560.0
2025-02-11,rebar_uae_exworks,2325.0
2025-02-11,scrap_hms12_turkey,355.0
2025-02-12,billet_cis_fob,432.5
2025-02-12,billet_gcc_cfr,460.0
2025-02-12,billet_saudi_exworks,554.6666666666666
2025-02-12,coke_lvliang_china,189.00000000000003
2025-02-12,coke_rizhao_china,215.60000000000002
2025-02-12,coking_coal_australia,186.57
2025-02-12,iron_ore_62fe,107.01
2025-02-12,rebar_turkey_fob,560.0
2025-02-12,rebar_uae_exworks,2325.0
2025-02-12,scrap_hms12_turkey,357.5
2025-02-13,billet_cis_fob,432.5
2025-02-13,billet_gcc_cfr,460.0
2025-02-13,billet_saudi_exworks,554.6666666666666
2025-02-13,coke_lvliang_china,189.00000000000003
2025-02-13,coke_rizhao_china,215.60000000000002
2025-02-13,coking_coal_australia,186.57
2025-02-13,iron_ore_62fe,106.21
2025-02-13,rebar_turkey_fob,560.0
2025-02-13,rebar_uae_exworks,2325.0
2025-02-13,scrap_hms12_turkey,359.0
2025-02-14,billet_cis_fob,435.0
2025-02-14,billet_gcc_cfr,462.5
2025-02-14,billet_saudi_exworks,549.3333333333334
2025-02-14,coke_lvliang_china,182.00000000000003
2025-02-14,coke_rizhao_china,210.00000000000003
2025-02-14,coking_coal_australia,191.33
2025-02-14,iron_ore_62fe,105.99
2025-02-14,rebar_turkey_fob,562.5
2025-02-14,rebar_uae_exworks,2325.0
2025-02-14,scrap_hms12_turkey,359.0
2025-02-15,billet_cis_fob,435.0
2025-02-15,billet_gcc_cfr,462.5
2025-02-15,billet_saudi_exworks,549.3333333333334
2025-02-15,coke_lvliang_china,182.00000000000003
2025-02-15,coke_rizhao_china,210.00000000000003
2025-02-15,coking_coal_australia,191.33
2025-02-15,iron_ore_62fe,105.99
2025-02-15,rebar_turkey_fob,562.5
2025-02-15,rebar_uae_exworks,2325.0
2025-02-15,scrap_hms12_turkey,359.0
2025-02-16,billet_cis_fob,435.0
2025-02-16,billet_gcc_cfr,462.5
2025-02-16,billet_saudi_exworks,549.3333333333334
2025-02-16,coke_lvliang_china,182.00000000000003
2025-02-16,coke_rizhao_china,210.00000000000003
2025-02-16,coking_coal_australia,191.33
2025-02-16,iron_ore_62fe,105.99
2025-02-16,rebar_turkey_fob,562.5
2025-02-16,rebar_uae_exworks,2325.0
2025-02-16,scrap_hms12_turkey,359.0
2025-02-17,billet_cis_fob,435.0
2025-02-17,billet_gcc_cfr,462.5
2025-02-17,billet_saudi_exworks,549.3333333333334
2025-02-17,coke_lvliang_china,182.00000000000003
2025-02-17,coke_rizhao_china,210.00000000000003
2025-02-17,coking_coal_australia,191.33
2025-02-17,iron_ore_62fe,105.62
2025-02-17,rebar_turkey_fob,562.5
2025-02-17,rebar_uae_exworks,2325.0
2025-02-17,scrap_hms12_turkey,357.5
2025-02-18,billet_cis_fob,435.0
2025-02-18,billet_gcc_cfr,462.5
2025-02-18,billet_saudi_exworks,549.3333333333334
2025-02-18,coke_lvliang_china,182.00000000000003
2025-02-18,coke_rizhao_china,210.00000000000003
2025-02-18,coking_coal_australia,191.33
2025-02-18,iron_ore_62fe,107.0
2025-02-18,rebar_turkey_fob,562.5
2025-02-18,rebar_uae_exworks,2325.0
2025-02-18,scrap_hms12_turkey,357.5
2025-02-19,billet_cis_fob,435.0
2025-02-19,billet_gcc_cfr,462.5
2025-02-19,billet_saudi_exworks,549.3333333333334
2025-02-19,coke_lvliang_china,182.00000000000003
2025-02-19,coke_rizhao_china,210.00000000000003
2025-02-19,coking_coal_australia,191.33
2025-02-19,iron_ore_62fe,106.98
2025-02-19,rebar_turkey_fob,562.5
2025-02-19,rebar_uae_exworks,2325.0
2025-02-19,scrap_hms12_turkey,358.5
2025-02-20,billet_cis_fob,435.0
2025-02-20,billet_gcc_cfr,462.5
2025-02-20,billet_saudi_exworks,549.3333333333334
2025-02-20,coke_lvliang_china,182.00000000000003
2025-02-20,coke_rizhao_china,210.00000000000003
2025-02-20,coking_coal_australia,191.33
2025-02-20,iron_ore_62fe,108.36
2025-02-20,rebar_turkey_fob,562.5
2025-02-20,rebar_uae_exworks,2325.0
2025-02-20,scrap_hms12_turkey,359.0
2025-02-21,billet_cis_fob,440.0
2025-02-21,billet_gcc_cfr,463.5
2025-02-21,billet_saudi_exworks,546.6666666666666
2025-02-21,coke_lvliang_china,175.00000000000003
2025-02-21,coke_rizhao_china,208.60000000000002
2025-02-21,coking_coal_australia,188.64
2025-02-21,iron_ore_62fe,108.28
2025-02-21,rebar_turkey_fob,562.5
2025-02-21,rebar_uae_exworks,2325.0
2025-02-21,scrap_hms12_turkey,359.0
2025-02-22,billet_cis_fob,440.0
2025-02-22,billet_gcc_cfr,463.5
2025-02-22,billet_saudi_exworks,546.6666666666666
2025-02-22,coke_lvliang_china,175.00000000000003
2025-02-22,coke_rizhao_china,208.60000000000002
2025-02-22,coking_coal_australia,188.64
2025-02-22,iron_ore_62fe,108.28
2025-02-22,rebar_turkey_fob,562.5
2025-02-22,rebar_uae_exworks,2325.0
2025-02-22,scrap_hms12_turkey,359.0
2025-02-23,billet_cis_fob,440.0
2025-02-23,billet_gcc_cfr,463.5
2025-02-23,billet_saudi_exworks,546.6666666666666
2025-02-23,coke_lvliang_china,175.00000000000003
2025-02-23,coke_rizhao_china,208.60000000000002
2025-02-23,coking_coal_australia,188.64
2025-02-23,iron_ore_62fe,108.28
2025-02-23,rebar_turkey_fob,562.5
2025-02-23,rebar_uae_exworks,2325.0
2025-02-23,scrap_hms12_turkey,359.0
2025-02-24,billet_cis_fob,440.0
2025-02-24,billet_gcc_cfr,463.5
2025-02-24,billet_saudi_exworks,546.6666666666666
2025-02-24,coke_lvliang_china,175.00000000000003
2025-02-24,coke_rizhao_china,208.60000000000002
2025-02-24,coking_coal_australia,188.64
2025-02-24,iron_ore_62fe,108.2
2025-02-24,rebar_turkey_fob,562.5
2025-02-24,rebar_uae_exworks,2325.0
2025-02-24,scrap_hms12_turkey,362.5
2025-02-25,billet_cis_fob,440.0
2025-02-25,billet_gcc_cfr,463.5
2025-02-25,billet_saudi_exworks,546.6666666666666
2025-02-25,coke_lvliang_china,175.00000000000003
2025-02-25,coke_rizhao_china,208.60000000000002
2025-02-25,coking_coal_australia,188.64
2025-02-25,iron_ore_62fe,106.61
2025-02-25,rebar_turkey_fob,562.5
2025-02-25,rebar_uae_exworks,2325.0
2025-02-25,scrap_hms12_turkey,362.5
2025-02-26,billet_cis_fob,440.0
2025-02-26,billet_gcc_cfr,463.5
2025-02-26,billet_saudi_exworks,546.6666666666666
2025-02-26,coke_lvliang_china,175.00000000000003
2025-02-26,coke_rizhao_china,208.60000000000002
2025-02-26,coking_coal_australia,188.64
2025-02-26,iron_ore_62fe,106.82
2025-02-26,rebar_turkey_fob,565.0
2025-02-26,rebar_uae_exworks,2325.0
2025-02-26,scrap_hms12_turkey,362.5
2025-02-27,billet_cis_fob,440.0
2025-02-27,billet_gcc_cfr,463.5
2025-02-27,billet_saudi_exworks,546.6666666666666
2025-02-27,coke_lvliang_china,175.00000000000003
2025-02-27,coke_rizhao_china,208.60000000000002
2025-02-27,coking_coal_australia,188.64
2025-02-27,iron_ore_62fe,105.7
2025-02-27,rebar_turkey_fob,565.0
2025-02-27,rebar_uae_exworks,2325.0
2025-02-27,scrap_hms12_turkey,362.5
2025-02-28,billet_cis_fob,435.0
2025-02-28,billet_gcc_cfr,463.0
2025-02-28,billet_saudi_exworks,549.3333333333334
2025-02-28,coke_lvliang_china,168.00000000000003
2025-02-28,coke_rizhao_china,200.20000000000002
2025-02-28,coking_coal_australia,188.18
2025-02-28,iron_ore_62fe,105.37
2025-02-28,rebar_turkey_fob,565.0
2025-02-28,rebar_uae_exworks,2330.0
2025-02-28,scrap_hms12_turkey,362.5
2025-03-01,billet_cis_fob,435.0
2025-03-01,billet_gcc_cfr,463.0
2025-03-01,billet_saudi_exworks,549.3333333333334
2025-03-01,coke_lvliang_china,168.00000000000003
2025-03-01,coke_rizhao_china,200.20000000000002
2025-03-01,coking_coal_australia,188.18
2025-03-01,iron_ore_62fe,105.37
2025-03-01,rebar_turkey_fob,565.0
2025-03-01,rebar_uae_exworks,2330.0
2025-03-01,scrap_hms12_turkey,362.5
2025-03-02,billet_cis_fob,435.0
2025-03-02,billet_gcc_cfr,463.0
2025-03-02,billet_saudi_exworks,549.3333333333334
2025-03-02,coke_lvliang_china,168.00000000000003
2025-03-02,coke_rizhao_china,200.20000000000002
2025-03-02,coking_coal_australia,188.18
2025-03-02,iron_ore_62fe,105.37
2025-03-02,rebar_turkey_fob,565.0
2025-03-02,rebar_uae_exworks,2330.0
2025-03-02,scrap_hms12_turkey,362.5
2025-03-03,billet_cis_fob,435.0
2025-03-03,billet_gcc_cfr,463.0
2025-03-03,billet_saudi_exworks,549.3333333333334
2025-03-03,coke_lvliang_china,168.00000000000003
2025-03-03,coke_rizhao_china,200.20000000000002
2025-03-03,coking_coal_australia,188.18
2025-03-03,iron_ore_62fe,100.82
2025-03-03,rebar_turkey_fob,562.5
2025-03-03,rebar_uae_exworks,2330.0
2025-03-03,scrap_hms12_turkey,363.5
2025-03-04,billet_cis_fob,435.0
2025-03-04,billet_gcc_cfr,463.0
2025-03-04,billet_saudi_exworks,549.3333333333334
2025-03-04,coke_lvliang_china,168.00000000000003
2025-03-04,coke_rizhao_china,200.20000000000002
2025-03-04,coking_coal_australia,188.18
2025-03-04,iron_ore_62fe,101.44
2025-03-04,rebar_turkey_fob,562.5
2025-03-04,rebar_uae_exworks,2330.0
2025-03-04,scrap_hms12_turkey,365.5
2025-03-05,billet_cis_fob,435.0
2025-03-05,billet_gcc_cfr,463.0
2025-03-05,billet_saudi_exworks,549.3333333333334
2025-03-05,coke_lvliang_china,168.00000000000003
2025-03-05,coke_rizhao_china,200.20000000000002
2025-03-05,coking_coal_australia,188.18
2025-03-05,iron_ore_62fe,100.1
2025-03-05,rebar_turkey_fob,562.5
2025-03-05,rebar_uae_exworks,2330.0
2025-03-05,scrap_hms12_turkey,365.5
2025-03-06,billet_cis_fob,435.0
2025-03-06,billet_gcc_cfr,463.0
2025-03-06,billet_saudi_exworks,549.3333333333334
2025-03-06,coke_lvliang_china,168.00000000000003
2025-03-06,coke_rizhao_china,200.20000000000002
2025-03-06,coking_coal_australia,188.18
2025-03-06,iron_ore_62fe,100.37
2025-03-06,rebar_turkey_fob,565.0
2025-03-06,rebar_uae_exworks,2330.0
2025-03-06,scrap_hms12_turkey,373.5
2025-03-07,billet_cis_fob,437.5
2025-03-07,billet_gcc_cfr,459.0
2025-03-07,billet_saudi_exworks,538.0
2025-03-07,coke_lvliang_china,168.00000000000003
2025-03-07,coke_rizhao_china,193.20000000000002
2025-03-07,coking_coal_australia,182.99
2025-03-07,iron_ore_62fe,101.51
2025-03-07,rebar_turkey_fob,565.0
2025-03-07,rebar_uae_exworks,2330.0
2025-03-07,scrap_hms12_turkey,376.0
2025-03-08,billet_cis_fob,437.5
2025-03-08,billet_gcc_cfr,459.0
2025-03-08,billet_saudi_exworks,538.0
2025-03-08,coke_lvliang_china,168.00000000000003
2025-03-08,coke_rizhao_china,193.20000000000002
2025-03-08,coking_coal_australia,182.99
2025-03-08,iron_ore_62fe,101.51
2025-03-08,rebar_turkey_fob,565.0
2025-03-08,rebar_uae_exworks,2330.0
2025-03-08,scrap_hms12_turkey,376.0
2025-03-09,billet_cis_fob,437.5
2025-03-09,billet_gcc_cfr,459.0
2025-03-09,billet_saudi_exworks,538.0
2025-03-09,coke_lvliang_china,168.00000000000003
2025-03-09,coke_rizhao_china,193.20000000000002
2025-03-09,coking_coal_australia,182.99
2025-03-09,iron_ore_62fe,101.51
2025-03-09,rebar_turkey_fob,565.0
2025-03-09,rebar_uae_exworks,2330.0
2025-03-09,scrap_hms12_turkey,376.0
2025-03-10,billet_cis_fob,437.5
2025-03-10,billet_gcc_cfr,459.0
2025-03-10,billet_saudi_exworks,538.0
2025-03-10,coke_lvliang_china,168.00000000000003
2025-03-10,coke_rizhao_china,193.20000000000002
2025-03-10,coking_coal_australia,182.99
2025-03-10,iron_ore_62fe,100.99
2025-03-10,rebar_turkey_fob,565.0
2025-03-10,rebar_uae_exworks,2330.0
2025-03-10,scrap_hms12_turkey,376.0
2025-03-11,billet_cis_fob,437.5
2025-03-11,billet_gcc_cfr,459.0
2025-03-11,billet_saudi_exworks,538.0
2025-03-11,coke_lvliang_china,168.00000000000003
2025-03-11,coke_rizhao_china,193.20000000000002
2025-03-11,coking_coal_australia,182.99
2025-03-11,iron_ore_62fe,101.15
2025-03-11,rebar_turkey_fob,567.5
2025-03-11,rebar_uae_exworks,2330.0
2025-03-11,scrap_hms12_turkey,376.0
2025-03-12,billet_cis_fob,437.5
2025-03-12,billet_gcc_cfr,459.0
2025-03-12,billet_saudi_exworks,538.0
2025-03-12,coke_lvliang_china,168.00000000000003
2025-03-12,coke_rizhao_china,193.20000000000002
2025-03-12,coking_coal_australia,182.99
2025-03-12,iron_ore_62fe,102.82
2025-03-12,rebar_turkey_fob,570.0
2025-03-12,rebar_uae_exworks,2330.0
2025-03-12,scrap_hms12_turkey,376.0
2025-03-13,billet_cis_fob,437.5
2025-03-13,billet_gcc_cfr,459.0
2025-03-13,billet_saudi_exworks,538.0
2025-03-13,coke_lvliang_china,168.00000000000003
2025-03-13,coke_rizhao_china,193.20000000000002
2025-03-13,coking_coal_australia,182.99
2025-03-13,iron_ore_62fe,102.65
2025-03-13,rebar_turkey_fob,572.5
2025-03-13,rebar_uae_exworks,2330.0
2025-03-13,scrap_hms12_turkey,380.0
2025-03-14,billet_cis_fob,445.0
2025-03-14,billet_gcc_cfr,457.5
2025-03-14,billet_saudi_exworks,533.3333333333334
2025-03-14,coke_lvliang_china,161.00000000000003
2025-03-14,coke_rizhao_china,191.8
2025-03-14,coking_coal_australia,177.51
2025-03-14,iron_ore_62fe,102.98
2025-03-14,rebar_turkey_fob,575.0
2025-03-14,rebar_uae_exworks,2330.0
2025-03-14,scrap_hms12_turkey,380.5
2025-03-15,billet_cis_fob,445.0
2025-03-15,billet_gcc_cfr,457.5
2025-03-15,billet_saudi_exworks,533.3333333333334
2025-03-15,coke_lvliang_china,161.00000000000003
2025-03-15,coke_rizhao_china,191.8
2025-03-15,coking_coal_australia,177.51
2025-03-15,iron_ore_62fe,102.98
2025-03-15,rebar_turkey_fob,575.0
2025-03-15,rebar_uae_exworks,2330.0
2025-03-15,scrap_hms12_turkey,380.5
2025-03-16,billet_cis_fob,445.0
2025-03-16,billet_gcc_cfr,457.5
2025-03-16,billet_saudi_exworks,533.3333333333334
2025-03-16,coke_lvliang_china,161.00000000000003
2025-03-16,coke_rizhao_china,191.8
2025-03-16,coking_coal_australia,177.51
2025-03-16,iron_ore_62fe,102.98
2025-03-16,rebar_turkey_fob,575.0
2025-03-16,rebar_uae_exworks,2330.0
2025-03-16,scrap_hms12_turkey,380.5
2025-03-17,billet_cis_fob,445.0
2025-03-17,billet_gcc_cfr,457.5
2025-03-17,billet_saudi_exworks,533.3333333333334
2025-03-17,coke_lvliang_china,161.00000000000003
2025-03-17,coke_rizhao_china,191.8
2025-03-17,coking_coal_australia,177.51
2025-03-17,iron_ore_62fe,102.33
2025-03-17,rebar_turkey_fob,575.0
2025-03-17,rebar_uae_exworks,2330.0
2025-03-17,scrap_hms12_turkey,381.0
2025-03-18,billet_cis_fob,445.0
2025-03-18,billet_gcc_cfr,457.5
2025-03-18,billet_saudi_exworks,533.3333333333334
2025-03-18,coke_lvliang_china,161.00000000000003
2025-03-18,coke_rizhao_china,191.8
2025-03-18,coking_coal_australia,177.51
2025-03-18,iron_ore_62fe,103.82
2025-03-18,rebar_turkey_fob,575.0
2025-03-18,rebar_uae_exworks,2330.0
2025-03-18,scrap_hms12_turkey,381.0
2025-03-19,billet_cis_fob,445.0
2025-03-19,billet_gcc_cfr,457.5
2025-03-19,billet_saudi_exworks,533.3333333333334
2025-03-19,coke_lvliang_china,161.00000000000003
2025-03-19,coke_rizhao_china,191.8
2025-03-19,coking_coal_australia,177.51
2025-03-19,iron_ore_62fe,101.41
2025-03-19,rebar_turkey_fob,575.0
2025-03-19,rebar_uae_exworks,2330.0
2025-03-19,scrap_hms12_turkey,381.0
2025-03-20,billet_cis_fob,445.0
2025-03-20,billet_gcc_cfr,457.5
2025-03-20,billet_saudi_exworks,533.3333333333334
2025-03-20,coke_lvliang_china,161.00000000000003
2025-03-20,coke_rizhao_china,191.8
2025-03-20,coking_coal_australia,177.51
2025-03-20,iron_ore_62fe,101.79
2025-03-20,rebar_turkey_fob,575.0
2025-03-20,rebar_uae_exworks,2330.0
2025-03-20,scrap_hms12_turkey,381.0
2025-03-21,billet_cis_fob,445.0
2025-03-21,billet_gcc_cfr,457.5
2025-03-21,billet_saudi_exworks,533.3333333333334
2025-03-21,coke_lvliang_china,161.00000000000003
2025-03-21,coke_rizhao_china,189.00000000000003
2025-03-21,coking_coal_australia,166.23
2025-03-21,iron_ore_62fe,101.65
2025-03-21,rebar_turkey_fob,575.0
2025-03-21,rebar_uae_exworks,2330.0
2025-03-21,scrap_hms12_turkey,381.0
2025-03-22,billet_cis_fob,445.0
2025-03-22,billet_gcc_cfr,457.5
2025-03-22,billet_saudi_exworks,533.3333333333334
2025-03-22,coke_lvliang_china,161.00000000000003
2025-03-22,coke_rizhao_china,189.00000000000003
2025-03-22,coking_coal_australia,166.23
2025-03-22,iron_ore_62fe,101.65
2025-03-22,rebar_turkey_fob,575.0
2025-03-22,rebar_uae_exworks,2330.0
2025-03-22,scrap_hms12_turkey,381.0
2025-03-23,billet_cis_fob,445.0
2025-03-23,billet_gcc_cfr,457.5
2025-03-23,billet_saudi_exworks,533.3333333333334
2025-03-23,coke_lvliang_china,161.00000000000003
2025-03-23,coke_rizhao_china,189.00000000000003
2025-03-23,coking_coal_australia,166.23
2025-03-23,iron_ore_62fe,101.65
2025-03-23,rebar_turkey_fob,575.0
2025-03-23,rebar_uae_exworks,2330.0
2025-03-23,scrap_hms12_turkey,381.0
2025-03-24,billet_cis_fob,445.0
2025-03-24,billet_gcc_cfr,457.5
2025-03-24,billet_saudi_exworks,533.3333333333334
2025-03-24,coke_lvliang_china,161.00000000000003
2025-03-24,coke_rizhao_china,189.00000000000003
2025-03-24,coking_coal_australia,166.23
2025-03-24,iron_ore_62fe,102.29
2025-03-24,rebar_turkey_fob,575.0
2025-03-24,rebar_uae_exworks,2330.0
2025-03-24,scrap_hms12_turkey,380.5
2025-03-25,billet_cis_fob,445.0
2025-03-25,billet_gcc_cfr,457.5
2025-03-25,billet_saudi_exworks,533.3333333333334
2025-03-25,coke_lvliang_china,161.00000000000003
2025-03-25,coke_rizhao_china,189.00000000000003
2025-03-25,coking_coal_australia,166.23
2025-03-25,iron_ore_62fe,101.68
2025-03-25,rebar_turkey_fob,572.5
2025-03-25,rebar_uae_exworks,2330.0
2025-03-25,scrap_hms12_turkey,380.5
2025-03-26,billet_cis_fob,445.0
2025-03-26,billet_gcc_cfr,457.5
2025-03-26,billet_saudi_exworks,533.3333333333334
2025-03-26,coke_lvliang_china,161.00000000000003
2025-03-26,coke_rizhao_china,189.00000000000003
2025-03-26,coking_coal_australia,166.23
2025-03-26,iron_ore_62fe,103.58
2025-03-26,rebar_turkey_fob,572.5
2025-03-26,rebar_uae_exworks,2330.0
2025-03-26,scrap_hms12_turkey,380.5
2025-03-27,billet_cis_fob,445.0
2025-03-27,billet_gcc_cfr,457.5
2025-03-27,billet_saudi_exworks,533.3333333333334
2025-03-27,coke_lvliang_china,161.00000000000003
2025-03-27,coke_rizhao_china,189.00000000000003
2025-03-27,coking_coal_australia,166.23
2025-03-27,iron_ore_62fe,103.59
2025-03-27,rebar_turkey_fob,572.5
2025-03-27,rebar_uae_exworks,2330.0
2025-03-27,scrap_hms12_turkey,380.0
2025-03-28,billet_cis_fob,447.5
2025-03-28,billet_gcc_cfr,460.5
2025-03-28,billet_saudi_exworks,533.3333333333334
2025-03-28,coke_lvliang_china,161.00000000000003
2025-03-28,coke_rizhao_china,189.00000000000003
2025-03-28,coking_coal_australia,167.69
2025-03-28,iron_ore_62fe,103.47
2025-03-28,rebar_turkey_fob,572.5
2025-03-28,rebar_uae_exworks,2330.0
2025-03-28,scrap_hms12_turkey,380.75
2025-03-29,billet_cis_fob,447.5
2025-03-29,billet_gcc_cfr,460.5
2025-03-29,billet_saudi_exworks,533.3333333333334
2025-03-29,coke_lvliang_china,161.00000000000003
2025-03-29,coke_rizhao_china,189.00000000000003
2025-03-29,coking_coal_australia,167.69
2025-03-29,iron_ore_62fe,103.47
2025-03-29,rebar_turkey_fob,572.5
2025-03-29,rebar_uae_exworks,2330.0
2025-03-29,scrap_hms12_turkey,380.75
2025-03-30,billet_cis_fob,447.5
2025-03-30,billet_gcc_cfr,460.5
2025-03-30,billet_saudi_exworks,533.3333333333334
2025-03-30,coke_lvliang_china,161.00000000000003
2025-03-30,coke_rizhao_china,189.00000000000003
2025-03-30,coking_coal_australia,167.69
2025-03-30,iron_ore_62fe,103.47
2025-03-30,rebar_turkey_fob,572.5
2025-03-30,rebar_uae_exworks,2330.0
2025-03-30,scrap_hms12_turkey,380.75
2025-03-31,billet_cis_fob,447.5
2025-03-31,billet_gcc_cfr,460.5
2025-03-31,billet_saudi_exworks,533.3333333333334
2025-03-31,coke_lvliang_china,161.00000000000003
2025-03-31,coke_rizhao_china,189.00000000000003
2025-03-31,coking_coal_australia,167.69
2025-03-31,iron_ore_62fe,102.63
2025-03-31,rebar_turkey_fob,572.5
2025-03-31,rebar_uae_exworks,2315.0
2025-03-31,scrap_hms12_turkey,380.75
2025-04-01,billet_cis_fob,447.5
2025-04-01,billet_gcc_cfr,460.5
2025-04-01,billet_saudi_exworks,533.3333333333334
2025-04-01,coke_lvliang_china,161.00000000000003
2025-04-01,coke_rizhao_china,189.00000000000003
2025-04-01,coking_coal_australia,167.69
2025-04-01,iron_ore_62fe,104.21
2025-04-01,rebar_turkey_fob,572.5
2025-04-01,rebar_uae_exworks,2315.0
2025-04-01,scrap_hms12_turkey,380.75
2025-04-02,billet_cis_fob,447.5
2025-04-02,billet_gcc_cfr,460.5
2025-04-02,billet_saudi_exworks,533.3333333333334
2025-04-02,coke_lvliang_china,161.00000000000003
2025-04-02,coke_rizhao_china,189.00000000000003
2025-04-02,coking_coal_australia,167.69
2025-04-02,iron_ore_62fe,104.12
2025-04-02,rebar_turkey_fob,572.5
2025-04-02,rebar_uae_exworks,2315.0
2025-04-02,scrap_hms12_turkey,380.75
2025-04-03,billet_cis_fob,447.5
2025-04-03,billet_gcc_cfr,460.5
2025-04-03,billet_saudi_exworks,533.3333333333334
2025-04-03,coke_lvliang_china,161.00000000000003
2025-04-03,coke_rizhao_china,189.00000000000003
2025-04-03,coking_coal_australia,167.69
2025-04-03,iron_ore_62fe,101.87
2025-04-03,rebar_turkey_fob,572.5
2025-04-03,rebar_uae_exworks,2315.0
2025-04-03,scrap_hms12_turkey,380.0
2025-04-04,billet_cis_fob,448.5
2025-04-04,billet_gcc_cfr,457.5
2025-04-04,billet_saudi_exworks,529.3333333333334
2025-04-04,coke_lvliang_china,161.00000000000003
2025-04-04,coke_rizhao_china,191.8
2025-04-04,coking_coal_australia,175.42
2025-04-04,iron_ore_62fe,101.69
2025-04-04,rebar_turkey_fob,568.5
2025-04-04,rebar_uae_exworks,2315.0
2025-04-04,scrap_hms12_turkey,378.0
2025-04-05,billet_cis_fob,448.5
2025-04-05,billet_gcc_cfr,457.5
2025-04-05,billet_saudi_exworks,529.3333333333334
2025-04-05,coke_lvliang_china,161.00000000000003
2025-04-05,coke_rizhao_china,191.8
2025-04-05,coking_coal_australia,175.42
2025-04-05,iron_ore_62fe,101.69
2025-04-05,rebar_turkey_fob,568.5
2025-04-05,rebar_uae_exworks,2315.0
2025-04-05,scrap_hms12_turkey,378.0
2025-04-06,billet_cis_fob,448.5
2025-04-06,billet_gcc_cfr,457.5
2025-04-06,billet_saudi_exworks,529.3333333333334
2025-04-06,coke_lvliang_china,161.00000000000003
2025-04-06,coke_rizhao_china,191.8
2025-04-06,coking_coal_australia,175.42
2025-04-06,iron_ore_62fe,101.69
2025-04-06,rebar_turkey_fob,568.5
2025-04-06,rebar_uae_exworks,2315.0
2025-04-06,scrap_hms12_turkey,378.0
2025-04-07,billet_cis_fob,448.5
2025-04-07,billet_gcc_cfr,457.5
2025-04-07,billet_saudi_exworks,529.3333333333334
2025-04-07,coke_lvliang_china,161.00000000000003
2025-04-07,coke_rizhao_china,191.8
2025-04-07,coking_coal_australia,175.42
2025-04-07,iron_ore_62fe,100.8
2025-04-07,rebar_turkey_fob,566.0
2025-04-07,rebar_uae_exworks,2315.0
2025-04-07,scrap_hms12_turkey,378.0
2025-04-08,billet_cis_fob,448.5
2025-04-08,billet_gcc_cfr,457.5
2025-04-08,billet_saudi_exworks,529.3333333333334
2025-04-08,coke_lvliang_china,161.00000000000003
2025-04-08,coke_rizhao_china,191.8
2025-04-08,coking_coal_australia,175.42
2025-04-08,iron_ore_62fe,95.97
2025-04-08,rebar_turkey_fob,565.0
2025-04-08,rebar_uae_exworks,2315.0
2025-04-08,scrap_hms12_turkey,376.5
2025-04-09,billet_cis_fob,448.5
2025-04-09,billet_gcc_cfr,457.5
2025-04-09,billet_saudi_exworks,529.3333333333334
2025-04-09,coke_lvliang_china,161.00000000000003
2025-04-09,coke_rizhao_china,191.8
2025-04-09,coking_coal_australia,175.42
2025-04-09,iron_ore_62fe,95.06
2025-04-09,rebar_turkey_fob,562.5
2025-04-09,rebar_uae_exworks,2315.0
2025-04-09,scrap_hms12_turkey,372.5
2025-04-10,billet_cis_fob,448.5
2025-04-10,billet_gcc_cfr,457.5
2025-04-10,billet_saudi_exworks,529.3333333333334
2025-04-10,coke_lvliang_china,161.00000000000003
2025-04-10,coke_rizhao_china,191.8
2025-04-10,coking_coal_australia,175.42
2025-04-10,iron_ore_62fe,98.19
2025-04-10,rebar_turkey_fob,560.0
2025-04-10,rebar_uae_exworks,2315.0
2025-04-10,scrap_hms12_turkey,366.0
2025-04-11,billet_cis_fob,447.5
2025-04-11,billet_gcc_cfr,448.5
2025-04-11,billet_saudi_exworks,526.6666666666666
2025-04-11,coke_lvliang_china,161.00000000000003
2025-04-11,coke_rizhao_china,186.20000000000002
2025-04-11,coking_coal_australia,181.61
2025-04-11,iron_ore_62fe,98.32
2025-04-11,rebar_turkey_fob,558.5
2025-04-11,rebar_uae_exworks,2315.0
2025-04-11,scrap_hms12_turkey,358.0
2025-04-12,billet_cis_fob,447.5
2025-04-12,billet_gcc_cfr,448.5
2025-04-12,billet_saudi_exworks,526.6666666666666
2025-04-12,coke_lvliang_china,161.00000000000003
2025-04-12,coke_rizhao_china,186.20000000000002
2025-04-12,coking_coal_australia,181.61
2025-04-12,iron_ore_62fe,98.32
2025-04-12,rebar_turkey_fob,558.5
2025-04-12,rebar_uae_exworks,2315.0
2025-04-12,scrap_hms12_turkey,358.0
2025-04-13,billet_cis_fob,447.5
2025-04-13,billet_gcc_cfr,448.5
2025-04-13,billet_saudi_exworks,526.6666666666666
2025-04-13,coke_lvliang_china,161.00000000000003
2025-04-13,coke_rizhao_china,186.20000000000002
2025-04-13,coking_coal_australia,181.61
2025-04-13,iron_ore_62fe,98.32
2025-04-13,rebar_turkey_fob,558.5
2025-04-13,rebar_uae_exworks,2315.0
2025-04-13,scrap_hms12_turkey,358.0
2025-04-14,billet_cis_fob,447.5
2025-04-14,billet_gcc_cfr,448.5
2025-04-14,billet_saudi_exworks,526.6666666666666
2025-04-14,coke_lvliang_china,161.00000000000003
2025-04-14,coke_rizhao_china,186.20000000000002
2025-04-14,coking_coal_australia,181.61
2025-04-14,iron_ore_62fe,98.46
2025-04-14,rebar_turkey_fob,556.0
2025-04-14,rebar_uae_exworks,2315.0
2025-04-14,scrap_hms12_turkey,358.0
2025-04-15,billet_cis_fob,447.5
2025-04-15,billet_gcc_cfr,448.5
2025-04-15,billet_saudi_exworks,526.6666666666666
2025-04-15,coke_lvliang_china,161.00000000000003
2025-04-15,coke_rizhao_china,186.20000000000002
2025-04-15,coking_coal_australia,181.61
2025-04-15,iron_ore_62fe,99.89
2025-04-15,rebar_turkey_fob,555.0
2025-04-15,rebar_uae_exworks,2315.0
2025-04-15,scrap_hms12_turkey,357.0
2025-04-16,billet_cis_fob,447.5
2025-04-16,billet_gcc_cfr,448.5
2025-04-16,billet_saudi_exworks,526.6666666666666
2025-04-16,coke_lvliang_china,161.00000000000003
2025-04-16,coke_rizhao_china,186.20000000000002
2025-04-16,coking_coal_australia,181.61
2025-04-16,iron_ore_62fe,99.14
2025-04-16,rebar_turkey_fob,552.5
2025-04-16,rebar_uae_exworks,2315.0
2025-04-16,scrap_hms12_turkey,347.5
2025-04-17,billet_cis_fob,447.5
2025-04-17,billet_gcc_cfr,448.5
2025-04-17,billet_saudi_exworks,526.6666666666666
2025-04-17,coke_lvliang_china,161.00000000000003
2025-04-17,coke_rizhao_china,186.20000000000002
2025-04-17,coking_coal_australia,181.61
2025-04-17,iron_ore_62fe,99.13
2025-04-17,rebar_turkey_fob,550.0
2025-04-17,rebar_uae_exworks,2315.0
2025-04-17,scrap_hms12_turkey,347.5
2025-04-18,billet_cis_fob,441.5
2025-04-18,billet_gcc_cfr,449.5
2025-04-18,billet_saudi_exworks,524.0
2025-04-18,coke_lvliang_china,168.00000000000003
2025-04-18,coke_rizhao_china,187.60000000000002
2025-04-18,coking_coal_australia,190.01
2025-04-18,iron_ore_62fe,99.01
2025-04-18,rebar_turkey_fob,545.0
2025-04-18,rebar_uae_exworks,2315.0
2025-04-18,scrap_hms12_turkey,331.5
2025-04-19,billet_cis_fob,441.5
2025-04-19,billet_gcc_cfr,449.5
2025-04-19,billet_saudi_exworks,524.0
2025-04-19,coke_lvliang_china,168.00000000000003
2025-04-19,coke_rizhao_china,187.60000000000002
2025-04-19,coking_coal_australia,190.01
2025-04-19,iron_ore_62fe,99.01
2025-04-19,rebar_turkey_fob,545.0
2025-04-19,rebar_uae_exworks,2315.0
2025-04-19,scrap_hms12_turkey,331.5
2025-04-20,billet_cis_fob,441.5
2025-04-20,billet_gcc_cfr,449.5
2025-04-20,billet_saudi_exworks,524.0
2025-04-20,coke_lvliang_china,168.00000000000003
2025-04-20,coke_rizhao_china,187.60000000000002
2025-04-20,coking_coal_australia,190.01
2025-04-20,iron_ore_62fe,99.01
2025-04-20,rebar_turkey_fob,545.0
2025-04-20,rebar_uae_exworks,2315.0
2025-04-20,scrap_hms12_turkey,331.5
2025-04-21,billet_cis_fob,441.5
2025-04-21,billet_gcc_cfr,449.5
2025-04-21,billet_saudi_exworks,524.0
2025-04-21,coke_lvliang_china,168.00000000000003
2025-04-21,coke_rizhao_china,187.60000000000002
2025-04-21,coking_coal_australia,190.01
2025-04-21,iron_ore_62fe,99.52
2025-04-21,rebar_turkey_fob,537.5
2025-04-21,rebar_uae_exworks,2315.0
2025-04-21,scrap_hms12_turkey,331.5
2025-04-22,billet_cis_fob,441.5
2025-04-22,billet_gcc_cfr,449.5
2025-04-22,billet_saudi_exworks,524.0
2025-04-22,coke_lvliang_china,168.00000000000003
2025-04-22,coke_rizhao_china,187.60000000000002
2025-04-22,coking_coal_australia,190.01
2025-04-22,iron_ore_62fe,99.14
2025-04-22,rebar_turkey_fob,537.5
2025-04-22,rebar_uae_exworks,2315.0
2025-04-22,scrap_hms12_turkey,325.0
2025-04-23,billet_cis_fob,441.5
2025-04-23,billet_gcc_cfr,449.5
2025-04-23,billet_saudi_exworks,524.0
2025-04-23,coke_lvliang_china,168.00000000000003
2025-04-23,coke_rizhao_china,187.60000000000002
2025-04-23,coking_coal_australia,190.01
2025-04-23,iron_ore_62fe,99.44
2025-04-23,rebar_turkey_fob,537.5
2025-04-23,rebar_uae_exworks,2315.0
2025-04-23,scrap_hms12_turkey,325.0
2025-04-24,billet_cis_fob,441.5
2025-04-24,billet_gcc_cfr,449.5
2025-04-24,billet_saudi_exworks,524.0
2025-04-24,coke_lvliang_china,168.00000000000003
2025-04-24,coke_rizhao_china,187.60000000000002
2025-04-24,coking_coal_australia,190.01
2025-04-24,iron_ore_62fe,99.88
2025-04-24,rebar_turkey_fob,537.5
2025-04-24,rebar_uae_exworks,2315.0
2025-04-24,scrap_hms12_turkey,325.0
2025-04-25,billet_cis_fob,433.5
2025-04-25,billet_gcc_cfr,447.0
2025-04-25,billet_saudi_exworks,523.3333333333334
2025-04-25,coke_lvliang_china,168.00000000000003
2025-04-25,coke_rizhao_china,189.00000000000003
2025-04-25,coking_coal_australia,195.25
2025-04-25,iron_ore_62fe,99.05
2025-04-25,rebar_turkey_fob,537.5
2025-04-25,rebar_uae_exworks,2315.0
2025-04-25,scrap_hms12_turkey,325.0
2025-04-26,billet_cis_fob,433.5
2025-04-26,billet_gcc_cfr,447.0
2025-04-26,billet_saudi_exworks,523.3333333333334
2025-04-26,coke_lvliang_china,168.00000000000003
2025-04-26,coke_rizhao_china,189.00000000000003
2025-04-26,coking_coal_australia,195.25
2025-04-26,iron_ore_62fe,99.05
2025-04-26,rebar_turkey_fob,537.5
2025-04-26,rebar_uae_exworks,2315.0
2025-04-26,scrap_hms12_turkey,325.0
2025-04-27,billet_cis_fob,433.5
2025-04-27,billet_gcc_cfr,447.0
2025-04-27,billet_saudi_exworks,523.3333333333334
2025-04-27,coke_lvliang_china,168.00000000000003
2025-04-27,coke_rizhao_china,189.00000000000003
2025-04-27,coking_coal_australia,195.25
2025-04-27,iron_ore_62fe,99.05
2025-04-27,rebar_turkey_fob,537.5
2025-04-27,rebar_uae_exworks,2315.0
2025-04-27,scrap_hms12_turkey,325.0
2025-04-28,billet_cis_fob,433.5
2025-04-28,billet_gcc_cfr,447.0
2025-04-28,billet_saudi_exworks,523.3333333333334
2025-04-28,coke_lvliang_china,168.00000000000003
2025-04-28,coke_rizhao_china,189.00000000000003
2025-04-28,coking_coal_australia,195.25
2025-04-28,iron_ore_62fe,99.14
2025-04-28,rebar_turkey_fob,537.5
2025-04-28,rebar_uae_exworks,2315.0
2025-04-28,scrap_hms12_turkey,326.0
2025-04-29,billet_cis_fob,433.5
2025-04-29,billet_gcc_cfr,447.0
2025-04-29,billet_saudi_exworks,523.3333333333334
2025-04-29,coke_lvliang_china,168.00000000000003
2025-04-29,coke_rizhao_china,189.00000000000003
2025-04-29,coking_coal_australia,195.25
2025-04-29,iron_ore_62fe,98.94
2025-04-29,rebar_turkey_fob,537.5
2025-04-29,rebar_uae_exworks,2315.0
2025-04-29,scrap_hms12_turkey,328.5
2025-04-30,billet_cis_fob,433.5
2025-04-30,billet_gcc_cfr,447.0
2025-04-30,billet_saudi_exworks,523.3333333333334
2025-04-30,coke_lvliang_china,168.00000000000003
2025-04-30,coke_rizhao_china,189.00000000000003
2025-04-30,coking_coal_australia,195.25
2025-04-30,iron_ore_62fe,97.7
2025-04-30,rebar_turkey_fob,540.0
2025-04-30,rebar_uae_exworks,2300.0
2025-04-30,scrap_hms12_turkey,330.0
2025-05-01,billet_cis_fob,433.5
2025-05-01,billet_gcc_cfr,447.0
2025-05-01,billet_saudi_exworks,523.3333333333334
2025-05-01,coke_lvliang_china,168.00000000000003
2025-05-01,coke_rizhao_china,189.00000000000003
2025-05-01,coking_coal_australia,195.25
2025-05-01,iron_ore_62fe,97.17
2025-05-01,rebar_turkey_fob,540.0
2025-05-01,rebar_uae_exworks,2300.0
2025-05-01,scrap_hms12_turkey,330.0
2025-05-02,billet_cis_fob,436.5
2025-05-02,billet_gcc_cfr,444.5
2025-05-02,billet_saudi_exworks,512.0
2025-05-02,coke_lvliang_china,168.00000000000003
2025-05-02,coke_rizhao_china,186.20000000000002
2025-05-02,coking_coal_australia,198.44
2025-05-02,iron_ore_62fe,97.37
2025-05-02,rebar_turkey_fob,540.0
2025-05-02,rebar_uae_exworks,2300.0
2025-05-02,scrap_hms12_turkey,330.0
2025-05-03,billet_cis_fob,436.5
2025-05-03,billet_gcc_cfr,444.5
2025-05-03,billet_saudi_exworks,512.0
2025-05-03,coke_lvliang_china,168.00000000000003
2025-05-03,coke_rizhao_china,186.20000000000002
2025-05-03,coking_coal_australia,198.44
2025-05-03,iron_ore_62fe,97.37
2025-05-03,rebar_turkey_fob,540.0
2025-05-03,rebar_uae_exworks,2300.0
2025-05-03,scrap_hms12_turkey,330.0
2025-05-04,billet_cis_fob,436.5
2025-05-04,billet_gcc_cfr,444.5
2025-05-04,billet_saudi_exworks,512.0
2025-05-04,coke_lvliang_china,168.00000000000003
2025-05-04,coke_rizhao_china,186.20000000000002
2025-05-04,coking_coal_australia,198.44
2025-05-04,iron_ore_62fe,97.37
2025-05-04,rebar_turkey_fob,540.0
2025-05-04,rebar_uae_exworks,2300.0
2025-05-04,scrap_hms12_turkey,330.0
2025-05-05,billet_cis_fob,436.5
2025-05-05,billet_gcc_cfr,444.5
2025-05-05,billet_saudi_exworks,512.0
2025-05-05,coke_lvliang_china,168.00000000000003
2025-05-05,coke_rizhao_china,186.20000000000002
2025-05-05,coking_coal_australia,198.44
2025-05-05,iron_ore_62fe,97.76
2025-05-05,rebar_turkey_fob,540.0
2025-05-05,rebar_uae_exworks,2300.0
2025-05-05,scrap_hms12_turkey,332.5
2025-05-06,billet_cis_fob,436.5
2025-05-06,billet_gcc_cfr,444.5
2025-05-06,billet_saudi_exworks,512.0
2025-05-06,coke_lvliang_china,168.00000000000003
2025-05-06,coke_rizhao_china,186.20000000000002
2025-05-06,coking_coal_australia,198.44
2025-05-06,iron_ore_62fe,98.74
2025-05-06,rebar_turkey_fob,545.0
2025-05-06,rebar_uae_exworks,2300.0
2025-05-06,scrap_hms12_turkey,338.0
2025-05-07,billet_cis_fob,436.5
2025-05-07,billet_gcc_cfr,444.5
2025-05-07,billet_saudi_exworks,512.0
2025-05-07,coke_lvliang_china,168.00000000000003
2025-05-07,coke_rizhao_china,186.20000000000002
2025-05-07,coking_coal_australia,198.44
2025-05-07,iron_ore_62fe,99.45
2025-05-07,rebar_turkey_fob,545.0
2025-05-07,rebar_uae_exworks,2300.0
2025-05-07,scrap_hms12_turkey,338.5
2025-05-08,billet_cis_fob,436.5
2025-05-08,billet_gcc_cfr,444.5
2025-05-08,billet_saudi_exworks,512.0
2025-05-08,coke_lvliang_china,168.00000000000003
2025-05-08,coke_rizhao_china,186.20000000000002
2025-05-08,coking_coal_australia,198.44
2025-05-08,iron_ore_62fe,99.66
2025-05-08,rebar_turkey_fob,545.0
2025-05-08,rebar_uae_exworks,2300.0
2025-05-08,scrap_hms12_turkey,337.5
2025-05-09,billet_cis_fob,436.5
2025-05-09,billet_gcc_cfr,451.0
2025-05-09,billet_saudi_exworks,512.0
2025-05-09,coke_lvliang_china,168.00000000000003
2025-05-09,coke_rizhao_china,183.4
2025-05-09,coking_coal_australia,199.92
2025-05-09,iron_ore_62fe,99.56
2025-05-09,rebar_turkey_fob,547.5
2025-05-09,rebar_uae_exworks,2300.0
2025-05-09,scrap_hms12_turkey,340.0
2025-05-10,billet_cis_fob,436.5
2025-05-10,billet_gcc_cfr,451.0
2025-05-10,billet_saudi_exworks,512.0
2025-05-10,coke_lvliang_china,168.00000000000003
2025-05-10,coke_rizhao_china,183.4
2025-05-10,coking_coal_australia,199.92
2025-05-10,iron_ore_62fe,99.56
2025-05-10,rebar_turkey_fob,547.5
2025-05-10,rebar_uae_exworks,2300.0
2025-05-10,scrap_hms12_turkey,340.0
2025-05-11,billet_cis_fob,436.5
2025-05-11,billet_gcc_cfr,451.0
2025-05-11,billet_saudi_exworks,512.0
2025-05-11,coke_lvliang_china,168.00000000000003
2025-05-11,coke_rizhao_china,183.4
2025-05-11,coking_coal_australia,199.92
2025-05-11,iron_ore_62fe,99.56
2025-05-11,rebar_turkey_fob,547.5
2025-05-11,rebar_uae_exworks,2300.0
2025-05-11,scrap_hms12_turkey,340.0
2025-05-12,billet_cis_fob,436.5
2025-05-12,billet_gcc_cfr,451.0
2025-05-12,billet_saudi_exworks,512.0
2025-05-12,coke_lvliang_china,168.00000000000003
2025-05-12,coke_rizhao_china,183.4
2025-05-12,coking_coal_australia,199.92
2025-05-12,iron_ore_62fe,100.32
2025-05-12,rebar_turkey_fob,550.0
2025-05-12,rebar_uae_exworks,2300.0
2025-05-12,scrap_hms12_turkey,341.5
2025-05-13,billet_cis_fob,436.5
2025-05-13,billet_gcc_cfr,451.0
2025-05-13,billet_saudi_exworks,512.0
2025-05-13,coke_lvliang_china,168.00000000000003
2025-05-13,coke_rizhao_china,183.4
2025-05-13,coking_coal_australia,199.92
2025-05-13,iron_ore_62fe,99.97
2025-05-13,rebar_turkey_fob,550.0
2025-05-13,rebar_uae_exworks,2300.0
2025-05-13,scrap_hms12_turkey,341.5
2025-05-14,billet_cis_fob,436.5
2025-05-14,billet_gcc_cfr,451.0
2025-05-14,billet_saudi_exworks,512.0
2025-05-14,coke_lvliang_china,168.00000000000003
2025-05-14,coke_rizhao_china,183.4
2025-05-14,coking_coal_australia,199.92
2025-05-14,iron_ore_62fe,100.59
2025-05-14,rebar_turkey_fob,550.0
2025-05-14,rebar_uae_exworks,2300.0
2025-05-14,scrap_hms12_turkey,343.5
2025-05-15,billet_cis_fob,436.5
2025-05-15,billet_gcc_cfr,451.0
2025-05-15,billet_saudi_exworks,512.0
2025-05-15,coke_lvliang_china,168.00000000000003
2025-05-15,coke_rizhao_china,183.4
2025-05-15,coking_coal_australia,199.92
2025-05-15,iron_ore_62fe,101.11
2025-05-15,rebar_turkey_fob,552.5
2025-05-15,rebar_uae_exworks,2300.0
2025-05-15,scrap_hms12_turkey,347.5
2025-05-16,billet_cis_fob,436.5
2025-05-16,billet_gcc_cfr,455.0
2025-05-16,billet_saudi_exworks,502.6666666666667
2025-05-16,coke_lvliang_china,161.00000000000003
2025-05-16,coke_rizhao_china,180.60000000000002
2025-05-16,coking_coal_australia,193.88
2025-05-16,iron_ore_62fe,102.24
2025-05-16,rebar_turkey_fob,552.5
2025-05-16,rebar_uae_exworks,2300.0
2025-05-16,scrap_hms12_turkey,347.0
2025-05-17,billet_cis_fob,436.5
2025-05-17,billet_gcc_cfr,455.0
2025-05-17,billet_saudi_exworks,502.6666666666667
2025-05-17,coke_lvliang_china,161.00000000000003
2025-05-17,coke_rizhao_china,180.60000000000002
2025-05-17,coking_coal_australia,193.88
2025-05-17,iron_ore_62fe,102.24
2025-05-17,rebar_turkey_fob,552.5
2025-05-17,rebar_uae_exworks,2300.0
2025-05-17,scrap_hms12_turkey,347.0
2025-05-18,billet_cis_fob,436.5
2025-05-18,billet_gcc_cfr,455.0
2025-05-18,billet_saudi_exworks,502.6666666666667
2025-05-18,coke_lvliang_china,161.00000000000003
2025-05-18,coke_rizhao_china,180.60000000000002
2025-05-18,coking_coal_australia,193.88
2025-05-18,iron_ore_62fe,102.24
2025-05-18,rebar_turkey_fob,552.5
2025-05-18,rebar_uae_exworks,2300.0
2025-05-18,scrap_hms12_turkey,347.0
2025-05-19,billet_cis_fob,436.5
2025-05-19,billet_gcc_cfr,455.0
2025-05-19,billet_saudi_exworks,502.6666666666667
2025-05-19,coke_lvliang_china,161.00000000000003
2025-05-19,coke_rizhao_china,180.60000000000002
2025-05-19,coking_coal_australia,193.88
2025-05-19,iron_ore_62fe,101.87
2025-05-19,rebar_turkey_fob,552.5
2025-05-19,rebar_uae_exworks,2300.0
2025-05-19,scrap_hms12_turkey,347.0
2025-05-20,billet_cis_fob,436.5
2025-05-20,billet_gcc_cfr,455.0
2025-05-20,billet_saudi_exworks,502.6666666666667
2025-05-20,coke_lvliang_china,161.00000000000003
2025-05-20,coke_rizhao_china,180.60000000000002
2025-05-20,coking_coal_australia,193.88
2025-05-20,iron_ore_62fe,101.25
2025-05-20,rebar_turkey_fob,552.5
2025-05-20,rebar_uae_exworks,2300.0
2025-05-20,scrap_hms12_turkey,347.0
2025-05-21,billet_cis_fob,436.5
2025-05-21,billet_gcc_cfr,455.0
2025-05-21,billet_saudi_exworks,502.6666666666667
2025-05-21,coke_lvliang_china,161.00000000000003
2025-05-21,coke_rizhao_china,180.60000000000002
2025-05-21,coking_coal_australia,193.88
2025-05-21,iron_ore_62fe,100.19
2025-05-21,rebar_turkey_fob,552.5
2025-05-21,rebar_uae_exworks,2300.0
2025-05-21,scrap_hms12_turkey,346.5
2025-05-22,billet_cis_fob,436.5
2025-05-22,billet_gcc_cfr,455.0
2025-05-22,billet_saudi_exworks,502.6666666666667
2025-05-22,coke_lvliang_china,161.00000000000003
2025-05-22,coke_rizhao_china,180.60000000000002
2025-05-22,coking_coal_australia,193.88
2025-05-22,iron_ore_62fe,97.62
2025-05-22,rebar_turkey_fob,552.5
2025-05-22,rebar_uae_exworks,2300.0
2025-05-22,scrap_hms12_turkey,347.0
2025-05-23,billet_cis_fob,432.5
2025-05-23,billet_gcc_cfr,453.0
2025-05-23,billet_saudi_exworks,498.6666666666667
2025-05-23,coke_lvliang_china,161.00000000000003
2025-05-23,coke_rizhao_china,179.20000000000002
2025-05-23,coking_coal_australia,193.76
2025-05-23,iron_ore_62fe,96.88
2025-05-23,rebar_turkey_fob,552.5
2025-05-23,rebar_uae_exworks,2300.0
2025-05-23,scrap_hms12_turkey,346.5
2025-05-24,billet_cis_fob,432.5
2025-05-24,billet_gcc_cfr,453.0
2025-05-24,billet_saudi_exworks,498.6666666666667
2025-05-24,coke_lvliang_china,161.00000000000003
2025-05-24,coke_rizhao_china,179.20000000000002
2025-05-24,coking_coal_australia,193.76
2025-05-24,iron_ore_62fe,96.88
2025-05-24,rebar_turkey_fob,552.5
2025-05-24,rebar_uae_exworks,2300.0
2025-05-24,scrap_hms12_turkey,346.5
2025-05-25,billet_cis_fob,432.5
2025-05-25,billet_gcc_cfr,453.0
2025-05-25,billet_saudi_exworks,498.6666666666667
2025-05-25,coke_lvliang_china,161.00000000000003
2025-05-25,coke_rizhao_china,179.20000000000002
2025-05-25,coking_coal_australia,193.76
2025-05-25,iron_ore_62fe,96.88
2025-05-25,rebar_turkey_fob,552.5
2025-05-25,rebar_uae_exworks,2300.0
2025-05-25,scrap_hms12_turkey,346.5
2025-05-26,billet_cis_fob,432.5
2025-05-26,billet_gcc_cfr,453.0
2025-05-26,billet_saudi_exworks,498.6666666666667
2025-05-26,coke_lvliang_china,161.00000000000003
2025-05-26,coke_rizhao_china,179.20000000000002
2025-05-26,coking_coal_australia,193.76
2025-05-26,iron_ore_62fe,97.08
2025-05-26,rebar_turkey_fob,552.5
2025-05-26,rebar_uae_exworks,2300.0
2025-05-26,scrap_hms12_turkey,346.5
2025-05-27,billet_cis_fob,432.5
2025-05-27,billet_gcc_cfr,453.0
2025-05-27,billet_saudi_exworks,498.6666666666667
2025-05-27,coke_lvliang_china,161.00000000000003
2025-05-27,coke_rizhao_china,179.20000000000002
2025-05-27,coking_coal_australia,193.76
2025-05-27,iron_ore_62fe,94.8
2025-05-27,rebar_turkey_fob,552.5
2025-05-27,rebar_uae_exworks,2300.0
2025-05-27,scrap_hms12_turkey,346.0
2025-05-28,billet_cis_fob,432.5
2025-05-28,billet_gcc_cfr,453.0
2025-05-28,billet_saudi_exworks,498.6666666666667
2025-05-28,coke_lvliang_china,161.00000000000003
2025-05-28,coke_rizhao_china,179.20000000000002
2025-05-28,coking_coal_australia,193.76
2025-05-28,iron_ore_62fe,96.43
2025-05-28,rebar_turkey_fob,550.0
2025-05-28,rebar_uae_exworks,2300.0
2025-05-28,scrap_hms12_turkey,346.0
2025-05-29,billet_cis_fob,432.5
2025-05-29,billet_gcc_cfr,453.0
2025-05-29,billet_saudi_exworks,498.6666666666667
2025-05-29,coke_lvliang_china,161.00000000000003
2025-05-29,coke_rizhao_china,179.20000000000002
2025-05-29,coking_coal_australia,193.76
2025-05-29,iron_ore_62fe,96.57
2025-05-29,rebar_turkey_fob,547.5
2025-05-29,rebar_uae_exworks,2300.0
2025-05-29,scrap_hms12_turkey,346.0
2025-05-30,billet_cis_fob,432.5
2025-05-30,billet_gcc_cfr,454.5
2025-05-30,billet_saudi_exworks,500.0
2025-05-30,coke_lvliang_china,154.00000000000003
2025-05-30,coke_rizhao_china,170.8
2025-05-30,coking_coal_australia,193.96
2025-05-30,iron_ore_62fe,96.66
2025-05-30,rebar_turkey_fob,547.5
2025-05-30,rebar_uae_exworks,2280.0
2025-05-30,scrap_hms12_turkey,344.0
2025-05-31,billet_cis_fob,432.5
2025-05-31,billet_gcc_cfr,454.5
2025-05-31,billet_saudi_exworks,500.0
2025-05-31,coke_lvliang_china,154.00000000000003
2025-05-31,coke_rizhao_china,170.8
2025-05-31,coking_coal_australia,193.96
2025-05-31,iron_ore_62fe,96.66
2025-05-31,rebar_turkey_fob,547.5
2025-05-31,rebar_uae_exworks,2280.0
2025-05-31,scrap_hms12_turkey,344.0
2025-06-01,billet_cis_fob,432.5
2025-06-01,billet_gcc_cfr,454.5
2025-06-01,billet_saudi_exworks,500.0
2025-06-01,coke_lvliang_china,154.00000000000003
2025-06-01,coke_rizhao_china,170.8
2025-06-01,coking_coal_australia,193.96
2025-06-01,iron_ore_62fe,96.66
2025-06-01,rebar_turkey_fob,547.5
2025-06-01,rebar_uae_exworks,2280.0
2025-06-01,scrap_hms12_turkey,344.0
2025-06-02,billet_cis_fob,432.5
2025-06-02,billet_gcc_cfr,454.5
2025-06-02,billet_saudi_exworks,500.0
2025-06-02,coke_lvliang_china,154.00000000000003
2025-06-02,coke_rizhao_china,170.8
2025-06-02,coking_coal_australia,193.96
2025-06-02,iron_ore_62fe,94.33
2025-06-02,rebar_turkey_fob,545.0
2025-06-02,rebar_uae_exworks,2280.0
2025-06-02,scrap_hms12_turkey,340.5
2025-06-03,billet_cis_fob,432.5
2025-06-03,billet_gcc_cfr,454.5
2025-06-03,billet_saudi_exworks,500.0
2025-06-03,coke_lvliang_china,154.00000000000003
2025-06-03,coke_rizhao_china,170.8
2025-06-03,coking_coal_australia,193.96
2025-06-03,iron_ore_62fe,93.47
2025-06-03,rebar_turkey_fob,545.0
2025-06-03,rebar_uae_exworks,2280.0
2025-06-03,scrap_hms12_turkey,339.0
2025-06-04,billet_cis_fob,432.5
2025-06-04,billet_gcc_cfr,454.5
2025-06-04,billet_saudi_exworks,500.0
2025-06-04,coke_lvliang_china,154.00000000000003
2025-06-04,coke_rizhao_china,170.8
2025-06-04,coking_coal_australia,193.96
2025-06-04,iron_ore_62fe,96.06
2025-06-04,rebar_turkey_fob,545.0
2025-06-04,rebar_uae_exworks,2280.0
2025-06-04,scrap_hms12_turkey,339.0
2025-06-05,billet_cis_fob,432.5
2025-06-05,billet_gcc_cfr,454.5
2025-06-05,billet_saudi_exworks,500.0
2025-06-05,coke_lvliang_china,154.00000000000003
2025-06-05,coke_rizhao_china,170.8
2025-06-05,coking_coal_australia,193.96
2025-06-05,iron_ore_62fe,93.78
2025-06-05,rebar_turkey_fob,545.0
2025-06-05,rebar_uae_exworks,2280.0
2025-06-05,scrap_hms12_turkey,339.0
2025-06-06,billet_cis_fob,435.0
2025-06-06,billet_gcc_cfr,453.0
2025-06-06,billet_saudi_exworks,503.3333333333333
2025-06-06,coke_lvliang_china,144.20000000000002
2025-06-06,coke_rizhao_china,163.8
2025-06-06,coking_coal_australia,188.81
2025-06-06,iron_ore_62fe,94.75
2025-06-06,rebar_turkey_fob,545.0
2025-06-06,rebar_uae_exworks,2280.0
2025-06-06,scrap_hms12_turkey,339.0
2025-06-07,billet_cis_fob,435.0
2025-06-07,billet_gcc_cfr,453.0
2025-06-07,billet_saudi_exworks,503.3333333333333
2025-06-07,coke_lvliang_china,144.20000000000002
2025-06-07,coke_rizhao_china,163.8
2025-06-07,coking_coal_australia,188.81
2025-06-07,iron_ore_62fe,94.75
2025-06-07,rebar_turkey_fob,545.0
2025-06-07,rebar_uae_exworks,2280.0
2025-06-07,scrap_hms12_turkey,339.0
2025-06-08,billet_cis_fob,435.0
2025-06-08,billet_gcc_cfr,453.0
2025-06-08,billet_saudi_exworks,503.3333333333333
2025-06-08,coke_lvliang_china,144.20000000000002
2025-06-08,coke_rizhao_china,163.8
2025-06-08,coking_coal_australia,188.81
2025-06-08,iron_ore_62fe,94.75
2025-06-08,rebar_turkey_fob,545.0
2025-06-08,rebar_uae_exworks,2280.0
2025-06-08,scrap_hms12_turkey,339.0
2025-06-09,billet_cis_fob,435.0
2025-06-09,billet_gcc_cfr,453.0
2025-06-09,billet_saudi_exworks,503.3333333333333
2025-06-09,coke_lvliang_china,144.20000000000002
2025-06-09,coke_rizhao_china,163.8
2025-06-09,coking_coal_australia,188.81
2025-06-09,iron_ore_62fe,94.72
2025-06-09,rebar_turkey_fob,545.0
2025-06-09,rebar_uae_exworks,2280.0
2025-06-09,scrap_hms12_turkey,339.0
2025-06-10,billet_cis_fob,435.0
2025-06-10,billet_gcc_cfr,453.0
2025-06-10,billet_saudi_exworks,503.3333333333333
2025-06-10,coke_lvliang_china,144.20000000000002
2025-06-10,coke_rizhao_china,163.8
2025-06-10,coking_coal_australia,188.81
2025-06-10,iron_ore_62fe,93.3
2025-06-10,rebar_turkey_fob,545.0
2025-06-10,rebar_uae_exworks,2280.0
2025-06-10,scrap_hms12_turkey,340.0
2025-06-11,billet_cis_fob,435.0
2025-06-11,billet_gcc_cfr,453.0
2025-06-11,billet_saudi_exworks,503.3333333333333
2025-06-11,coke_lvliang_china,144.20000000000002
2025-06-11,coke_rizhao_china,163.8
2025-06-11,coking_coal_australia,188.81
2025-06-11,iron_ore_62fe,94.82
2025-06-11,rebar_turkey_fob,545.0
2025-06-11,rebar_uae_exworks,2280.0
2025-06-11,scrap_hms12_turkey,340.0
2025-06-12,billet_cis_fob,435.0
2025-06-12,billet_gcc_cfr,453.0
2025-06-12,billet_saudi_exworks,503.3333333333333
2025-06-12,coke_lvliang_china,144.20000000000002
2025-06-12,coke_rizhao_china,163.8
2025-06-12,coking_coal_australia,188.81
2025-06-12,iron_ore_62fe,94.81
2025-06-12,rebar_turkey_fob,545.0
2025-06-12,rebar_uae_exworks,2280.0
2025-06-12,scrap_hms12_turkey,340.0
2025-06-13,billet_cis_fob,432.5
2025-06-13,billet_gcc_cfr,450.0
2025-06-13,billet_saudi_exworks,502.6666666666667
2025-06-13,coke_lvliang_china,144.20000000000002
2025-06-13,coke_rizhao_china,165.20000000000002
2025-06-13,coking_coal_australia,184.97
2025-06-13,iron_ore_62fe,94.75
2025-06-13,rebar_turkey_fob,545.0
2025-06-13,rebar_uae_exworks,2280.0
2025-06-13,scrap_hms12_turkey,341.0
2025-06-14,billet_cis_fob,432.5
2025-06-14,billet_gcc_cfr,450.0
2025-06-14,billet_saudi_exworks,502.6666666666667
2025-06-14,coke_lvliang_china,144.20000000000002
2025-06-14,coke_rizhao_china,165.20000000000002
2025-06-14,coking_coal_australia,184.97
2025-06-14,iron_ore_62fe,94.75
2025-06-14,rebar_turkey_fob,545.0
2025-06-14,rebar_uae_exworks,2280.0
2025-06-14,scrap_hms12_turkey,341.0
2025-06-15,billet_cis_fob,432.5
2025-06-15,billet_gcc_cfr,450.0
2025-06-15,billet_saudi_exworks,502.6666666666667
2025-06-15,coke_lvliang_china,144.20000000000002
2025-06-15,coke_rizhao_china,165.20000000000002
2025-06-15,coking_coal_australia,184.97
2025-06-15,iron_ore_62fe,94.75
2025-06-15,rebar_turkey_fob,545.0
2025-06-15,rebar_uae_exworks,2280.0
2025-06-15,scrap_hms12_turkey,341.0
2025-06-16,billet_cis_fob,432.5
2025-06-16,billet_gcc_cfr,450.0
2025-06-16,billet_saudi_exworks,502.6666666666667
2025-06-16,coke_lvliang_china,144.20000000000002
2025-06-16,coke_rizhao_china,165.20000000000002
2025-06-16,coking_coal_australia,184.97
2025-06-16,iron_ore_62fe,92.89
2025-06-16,rebar_turkey_fob,545.0
2025-06-16,rebar_uae_exworks,2280.0
2025-06-16,scrap_hms12_turkey,341.0
2025-06-17,billet_cis_fob,432.5
2025-06-17,billet_gcc_cfr,450.0
2025-06-17,billet_saudi_exworks,502.6666666666667
2025-06-17,coke_lvliang_china,144.20000000000002
2025-06-17,coke_rizhao_china,165.20000000000002
2025-06-17,coking_coal_australia,184.97
2025-06-17,iron_ore_62fe,92.36
2025-06-17,rebar_turkey_fob,542.5
2025-06-17,rebar_uae_exworks,2280.0
2025-06-17,scrap_hms12_turkey,339.5
2025-06-18,billet_cis_fob,432.5
2025-06-18,billet_gcc_cfr,450.0
2025-06-18,billet_saudi_exworks,502.6666666666667
2025-06-18,coke_lvliang_china,144.20000000000002
2025-06-18,coke_rizhao_china,165.20000000000002
2025-06-18,coking_coal_australia,184.97
2025-06-18,iron_ore_62fe,92.02
2025-06-18,rebar_turkey_fob,542.5
2025-06-18,rebar_uae_exworks,2280.0
2025-06-18,scrap_hms12_turkey,341.5
2025-06-19,billet_cis_fob,432.5
2025-06-19,billet_gcc_cfr,450.0
2025-06-19,billet_saudi_exworks,502.6666666666667
2025-06-19,coke_lvliang_china,144.20000000000002
2025-06-19,coke_rizhao_china,165.20000000000002
2025-06-19,coking_coal_australia,184.97
2025-06-19,iron_ore_62fe,93.34
2025-06-19,rebar_turkey_fob,542.5
2025-06-19,rebar_uae_exworks,2280.0
2025-06-19,scrap_hms12_turkey,341.5
2025-06-20,billet_cis_fob,435.0
2025-06-20,billet_gcc_cfr,458.0
2025-06-20,billet_saudi_exworks,501.3333333333333
2025-06-20,coke_lvliang_china,144.20000000000002
2025-06-20,coke_rizhao_china,161.00000000000003
2025-06-20,coking_coal_australia,176.23
2025-06-20,iron_ore_62fe,93.59
2025-06-20,rebar_turkey_fob,542.5
2025-06-20,rebar_uae_exworks,2280.0
2025-06-20,scrap_hms12_turkey,341.5
2025-06-21,billet_cis_fob,435.0
2025-06-21,billet_gcc_cfr,458.0
2025-06-21,billet_saudi_exworks,501.3333333333333
2025-06-21,coke_lvliang_china,144.20000000000002
2025-06-21,coke_rizhao_china,161.00000000000003
2025-06-21,coking_coal_australia,176.23
2025-06-21,iron_ore_62fe,93.59
2025-06-21,rebar_turkey_fob,542.5
2025-06-21,rebar_uae_exworks,2280.0
2025-06-21,scrap_hms12_turkey,341.5
2025-06-22,billet_cis_fob,435.0
2025-06-22,billet_gcc_cfr,458.0
2025-06-22,billet_saudi_exworks,501.3333333333333
2025-06-22,coke_lvliang_china,144.20000000000002
2025-06-22,coke_rizhao_china,161.00000000000003
2025-06-22,coking_coal_australia,176.23
2025-06-22,iron_ore_62fe,93.59
2025-06-22,rebar_turkey_fob,542.5
2025-06-22,rebar_uae_exworks,2280.0
2025-06-22,scrap_hms12_turkey,341.5
2025-06-23,billet_cis_fob,435.0
2025-06-23,billet_gcc_cfr,458.0
2025-06-23,billet_saudi_exworks,501.3333333333333
2025-06-23,coke_lvliang_china,144.20000000000002
2025-06-23,coke_rizhao_china,161.00000000000003
2025-06-23,coking_coal_australia,176.23
2025-06-23,iron_ore_62fe,93.75
2025-06-23,rebar_turkey_fob,540.0
2025-06-23,rebar_uae_exworks,2280.0
2025-06-23,scrap_hms12_turkey,343.5
2025-06-24,billet_cis_fob,435.0
2025-06-24,billet_gcc_cfr,458.0
2025-06-24,billet_saudi_exworks,501.3333333333333
2025-06-24,coke_lvliang_china,144.20000000000002
2025-06-24,coke_rizhao_china,161.00000000000003
2025-06-24,coking_coal_australia,176.23
2025-06-24,iron_ore_62fe,92.31
2025-06-24,rebar_turkey_fob,540.0
2025-06-24,rebar_uae_exworks,2280.0
2025-06-24,scrap_hms12_turkey,343.5
2025-06-25,billet_cis_fob,435.0
2025-06-25,billet_gcc_cfr,458.0
2025-06-25,billet_saudi_exworks,501.3333333333333
2025-06-25,coke_lvliang_china,144.20000000000002
2025-06-25,coke_rizhao_china,161.00000000000003
2025-06-25,coking_coal_australia,176.23
2025-06-25,iron_ore_62fe,92.37
2025-06-25,rebar_turkey_fob,540.0
2025-06-25,rebar_uae_exworks,2280.0
2025-06-25,scrap_hms12_turkey,343.5
2025-06-26,billet_cis_fob,435.0
2025-06-26,billet_gcc_cfr,458.0
2025-06-26,billet_saudi_exworks,501.3333333333333
2025-06-26,coke_lvliang_china,144.20000000000002
2025-06-26,coke_rizhao_china,161.00000000000003
2025-06-26,coking_coal_australia,176.23
2025-06-26,iron_ore_62fe,93.67
2025-06-26,rebar_turkey_fob,537.5
2025-06-26,rebar_uae_exworks,2280.0
2025-06-26,scrap_hms12_turkey,343.5
2025-06-27,billet_cis_fob,435.0
2025-06-27,billet_gcc_cfr,451.0
2025-06-27,billet_saudi_exworks,501.3333333333333
2025-06-27,coke_lvliang_china,137.20000000000002
2025-06-27,coke_rizhao_china,163.8
2025-06-27,coking_coal_australia,175.89
2025-06-27,iron_ore_62fe,93.76
2025-06-27,rebar_turkey_fob,540.0
2025-06-27,rebar_uae_exworks,2280.0
2025-06-27,scrap_hms12_turkey,345.0
2025-06-28,billet_cis_fob,435.0
2025-06-28,billet_gcc_cfr,451.0
2025-06-28,billet_saudi_exworks,501.3333333333333
2025-06-28,coke_lvliang_china,137.20000000000002
2025-06-28,coke_rizhao_china,163.8
2025-06-28,coking_coal_australia,175.89
2025-06-28,iron_ore_62fe,93.76
2025-06-28,rebar_turkey_fob,540.0
2025-06-28,rebar_uae_exworks,2280.0
2025-06-28,scrap_hms12_turkey,345.0
2025-06-29,billet_cis_fob,435.0
2025-06-29,billet_gcc_cfr,451.0
2025-06-29,billet_saudi_exworks,501.3333333333333
2025-06-29,coke_lvliang_china,137.20000000000002
2025-06-29,coke_rizhao_china,163.8
2025-06-29,coking_coal_australia,175.89
2025-06-29,iron_ore_62fe,93.76
2025-06-29,rebar_turkey_fob,540.0
2025-06-29,rebar_uae_exworks,2280.0
2025-06-29,scrap_hms12_turkey,345.0
2025-06-30,billet_cis_fob,435.0
2025-06-30,billet_gcc_cfr,451.0
2025-06-30,billet_saudi_exworks,501.3333333333333
2025-06-30,coke_lvliang_china,137.20000000000002
2025-06-30,coke_rizhao_china,163.8
2025-06-30,coking_coal_australia,175.89
2025-06-30,iron_ore_62fe,92.84
2025-06-30,rebar_turkey_fob,540.0
2025-06-30,rebar_uae_exworks,2252.0
2025-06-30,scrap_hms12_turkey,345.0
2025-07-01,billet_cis_fob,435.0
2025-07-01,billet_gcc_cfr,451.0
2025-07-01,billet_saudi_exworks,501.3333333333333
2025-07-01,coke_lvliang_china,137.20000000000002
2025-07-01,coke_rizhao_china,163.8
2025-07-01,coking_coal_australia,175.89
2025-07-01,iron_ore_62fe,91.78
2025-07-01,rebar_turkey_fob,540.0
2025-07-01,rebar_uae_exworks,2252.0
2025-07-01,scrap_hms12_turkey,345.0
2025-07-02,billet_cis_fob,435.0
2025-07-02,billet_gcc_cfr,451.0
2025-07-02,billet_saudi_exworks,501.3333333333333
2025-07-02,coke_lvliang_china,137.20000000000002
2025-07-02,coke_rizhao_china,163.8
2025-07-02,coking_coal_australia,175.89
2025-07-02,iron_ore_62fe,93.82
2025-07-02,rebar_turkey_fob,537.5
2025-07-02,rebar_uae_exworks,2252.0
2025-07-02,scrap_hms12_turkey,345.0
2025-07-03,billet_cis_fob,435.0
2025-07-03,billet_gcc_cfr,451.0
2025-07-03,billet_saudi_exworks,501.3333333333333
2025-07-03,coke_lvliang_china,137.20000000000002
2025-07-03,coke_rizhao_china,163.8
2025-07-03,coking_coal_australia,175.89
2025-07-03,iron_ore_62fe,94.98
2025-07-03,rebar_turkey_fob,535.0
2025-07-03,rebar_uae_exworks,2252.0
2025-07-03,scrap_hms12_turkey,344.0
2025-07-04,billet_cis_fob,435.0
2025-07-04,billet_gcc_cfr,441.5
2025-07-04,billet_saudi_exworks,496.0
2025-07-04,coke_lvliang_china,137.20000000000002
2025-07-04,coke_rizhao_china,166.60000000000002
2025-07-04,coking_coal_australia,180.07
2025-07-04,iron_ore_62fe,94.73
2025-07-04,rebar_turkey_fob,535.0
2025-07-04,rebar_uae_exworks,2252.0
2025-07-04,scrap_hms12_turkey,344.0
2025-07-05,billet_cis_fob,435.0
2025-07-05,billet_gcc_cfr,441.5
2025-07-05,billet_saudi_exworks,496.0
2025-07-05,coke_lvliang_china,137.20000000000002
2025-07-05,coke_rizhao_china,166.60000000000002
2025-07-05,coking_coal_australia,180.07
2025-07-05,iron_ore_62fe,94.73
2025-07-05,rebar_turkey_fob,535.0
2025-07-05,rebar_uae_exworks,2252.0
2025-07-05,scrap_hms12_turkey,344.0
2025-07-06,billet_cis_fob,435.0
2025-07-06,billet_gcc_cfr,441.5
2025-07-06,billet_saudi_exworks,496.0
2025-07-06,coke_lvliang_china,137.20000000000002
2025-07-06,coke_rizhao_china,166.60000000000002
2025-07-06,coking_coal_australia,180.07
2025-07-06,iron_ore_62fe,94.73
2025-07-06,rebar_turkey_fob,535.0
2025-07-06,rebar_uae_exworks,2252.0
2025-07-06,scrap_hms12_turkey,344.0
2025-07-07,billet_cis_fob,435.0
2025-07-07,billet_gcc_cfr,441.5
2025-07-07,billet_saudi_exworks,496.0
2025-07-07,coke_lvliang_china,137.20000000000002
2025-07-07,coke_rizhao_china,166.60000000000002
2025-07-07,coking_coal_australia,180.07
2025-07-07,iron_ore_62fe,93.92
2025-07-07,rebar_turkey_fob,535.0
2025-07-07,rebar_uae_exworks,2252.0
2025-07-07,scrap_hms12_turkey,345.0
2025-07-08,billet_cis_fob,435.0
2025-07-08,billet_gcc_cfr,441.5
2025-07-08,billet_saudi_exworks,496.0
2025-07-08,coke_lvliang_china,137.20000000000002
2025-07-08,coke_rizhao_china,166.60000000000002
2025-07-08,coking_coal_australia,180.07
2025-07-08,iron_ore_62fe,94.27
2025-07-08,rebar_turkey_fob,532.5
2025-07-08,rebar_uae_exworks,2252.0
2025-07-08,scrap_hms12_turkey,345.0
2025-07-09,billet_cis_fob,435.0
2025-07-09,billet_gcc_cfr,441.5
2025-07-09,billet_saudi_exworks,496.0
2025-07-09,coke_lvliang_china,137.20000000000002
2025-07-09,coke_rizhao_china,166.60000000000002
2025-07-09,coking_coal_australia,180.07
2025-07-09,iron_ore_62fe,94.49
2025-07-09,rebar_turkey_fob,532.5
2025-07-09,rebar_uae_exworks,2252.0
2025-07-09,scrap_hms12_turkey,345.0
2025-07-10,billet_cis_fob,435.0
2025-07-10,billet_gcc_cfr,441.5
2025-07-10,billet_saudi_exworks,496.0
2025-07-10,coke_lvliang_china,137.20000000000002
2025-07-10,coke_rizhao_china,166.60000000000002
2025-07-10,coking_coal_australia,180.07
2025-07-10,iron_ore_62fe,98.99
2025-07-10,rebar_turkey_fob,532.5
2025-07-10,rebar_uae_exworks,2252.0
2025-07-10,scrap_hms12_turkey,345.0
2025-07-11,billet_cis_fob,437.5
2025-07-11,billet_gcc_cfr,443.0
2025-07-11,billet_saudi_exworks,494.6666666666667
2025-07-11,coke_lvliang_china,137.20000000000002
2025-07-11,coke_rizhao_china,177.8
2025-07-11,coking_coal_australia,177.81
2025-07-11,iron_ore_62fe,97.54
2025-07-11,rebar_turkey_fob,532.5
2025-07-11,rebar_uae_exworks,2252.0
2025-07-11,scrap_hms12_turkey,345.0
2025-07-12,billet_cis_fob,437.5
2025-07-12,billet_gcc_cfr,443.0
2025-07-12,billet_saudi_exworks,494.6666666666667
2025-07-12,coke_lvliang_china,137.20000000000002
2025-07-12,coke_rizhao_china,177.8
2025-07-12,coking_coal_australia,177.81
2025-07-12,iron_ore_62fe,97.54
2025-07-12,rebar_turkey_fob,532.5
2025-07-12,rebar_uae_exworks,2252.0
2025-07-12,scrap_hms12_turkey,345.0
2025-07-13,billet_cis_fob,437.5
2025-07-13,billet_gcc_cfr,443.0
2025-07-13,billet_saudi_exworks,494.6666666666667
2025-07-13,coke_lvliang_china,137.20000000000002
2025-07-13,coke_rizhao_china,177.8
2025-07-13,coking_coal_australia,177.81
2025-07-13,iron_ore_62fe,97.54
2025-07-13,rebar_turkey_fob,532.5
2025-07-13,rebar_uae_exworks,2252.0
2025-07-13,scrap_hms12_turkey,345.0
2025-07-14,billet_cis_fob,437.5
2025-07-14,billet_gcc_cfr,443.0
2025-07-14,billet_saudi_exworks,494.6666666666667
2025-07-14,coke_lvliang_china,137.20000000000002
2025-07-14,coke_rizhao_china,177.8
2025-07-14,coking_coal_australia,177.81
2025-07-14,iron_ore_62fe,97.8
2025-07-14,rebar_turkey_fob,535.0
2025-07-14,rebar_uae_exworks,2252.0
2025-07-14,scrap_hms12_turkey,344.5
2025-07-15,billet_cis_fob,437.5
2025-07-15,billet_gcc_cfr,443.0
2025-07-15,billet_saudi_exworks,494.6666666666667
2025-07-15,coke_lvliang_china,137.20000000000002
2025-07-15,coke_rizhao_china,177.8
2025-07-15,coking_coal_australia,177.81
2025-07-15,iron_ore_62fe,97.24
2025-07-15,rebar_turkey_fob,535.0
2025-07-15,rebar_uae_exworks,2252.0
2025-07-15,scrap_hms12_turkey,344.5
2025-07-16,billet_cis_fob,437.5
2025-07-16,billet_gcc_cfr,443.0
2025-07-16,billet_saudi_exworks,494.6666666666667
2025-07-16,coke_lvliang_china,137.20000000000002
2025-07-16,coke_rizhao_china,177.8
2025-07-16,coking_coal_australia,177.81
2025-07-16,iron_ore_62fe,98.12
2025-07-16,rebar_turkey_fob,532.5
2025-07-16,rebar_uae_exworks,2252.0
2025-07-16,scrap_hms12_turkey,344.5
2025-07-17,billet_cis_fob,437.5
2025-07-17,billet_gcc_cfr,443.0
2025-07-17,billet_saudi_exworks,494.6666666666667
2025-07-17,coke_lvliang_china,137.20000000000002
2025-07-17,coke_rizhao_china,177.8
2025-07-17,coking_coal_australia,177.81
2025-07-17,iron_ore_62fe,99.15
2025-07-17,rebar_turkey_fob,532.5
2025-07-17,rebar_uae_exworks,2252.0
2025-07-17,scrap_hms12_turkey,345.5
2025-07-18,billet_cis_fob,437.5
2025-07-18,billet_gcc_cfr,454.0
2025-07-18,billet_saudi_exworks,488.0
2025-07-18,coke_lvliang_china,144.20000000000002
2025-07-18,coke_rizhao_china,177.8
2025-07-18,coking_coal_australia,167.87
2025-07-18,iron_ore_62fe,98.89
2025-07-18,rebar_turkey_fob,532.5
2025-07-18,rebar_uae_exworks,2252.0
2025-07-18,scrap_hms12_turkey,345.5
2025-07-19,billet_cis_fob,437.5
2025-07-19,billet_gcc_cfr,454.0
2025-07-19,billet_saudi_exworks,488.0
2025-07-19,coke_lvliang_china,144.20000000000002
2025-07-19,coke_rizhao_china,177.8
2025-07-19,coking_coal_australia,167.87
2025-07-19,iron_ore_62fe,98.89
2025-07-19,rebar_turkey_fob,532.5
2025-07-19,rebar_uae_exworks,2252.0
2025-07-19,scrap_hms12_turkey,345.5
2025-07-20,billet_cis_fob,437.5
2025-07-20,billet_gcc_cfr,454.0
2025-07-20,billet_saudi_exworks,488.0
2025-07-20,coke_lvliang_china,144.20000000000002
2025-07-20,coke_rizhao_china,177.8
2025-07-20,coking_coal_australia,167.87
2025-07-20,iron_ore_62fe,98.89
2025-07-20,rebar_turkey_fob,532.5
2025-07-20,rebar_uae_exworks,2252.0
2025-07-20,scrap_hms12_turkey,345.5
2025-07-21,billet_cis_fob,437.5
2025-07-21,billet_gcc_cfr,454.0
2025-07-21,billet_saudi_exworks,488.0
2025-07-21,coke_lvliang_china,144.20000000000002
2025-07-21,coke_rizhao_china,177.8
2025-07-21,coking_coal_australia,167.87
2025-07-21,iron_ore_62fe,101.36
2025-07-21,rebar_turkey_fob,540.0
2025-07-21,rebar_uae_exworks,2252.0
2025-07-21,scrap_hms12_turkey,345.5
2025-07-22,billet_cis_fob,437.5
2025-07-22,billet_gcc_cfr,454.0
2025-07-22,billet_saudi_exworks,488.0
2025-07-22,coke_lvliang_china,144.20000000000002
2025-07-22,coke_rizhao_china,177.8
2025-07-22,coking_coal_australia,167.87
2025-07-22,iron_ore_62fe,103.07
2025-07-22,rebar_turkey_fob,540.0
2025-07-22,rebar_uae_exworks,2252.0
2025-07-22,scrap_hms12_turkey,346.5
2025-07-23,billet_cis_fob,437.5
2025-07-23,billet_gcc_cfr,454.0
2025-07-23,billet_saudi_exworks,488.0
2025-07-23,coke_lvliang_china,144.20000000000002
2025-07-23,coke_rizhao_china,177.8
2025-07-23,coking_coal_australia,167.87
2025-07-23,iron_ore_62fe,102.39
2025-07-23,rebar_turkey_fob,540.0
2025-07-23,rebar_uae_exworks,2252.0
2025-07-23,scrap_hms12_turkey,346.0
2025-07-24,billet_cis_fob,437.5
2025-07-24,billet_gcc_cfr,454.0
2025-07-24,billet_saudi_exworks,488.0
2025-07-24,coke_lvliang_china,144.20000000000002
2025-07-24,coke_rizhao_china,177.8
2025-07-24,coking_coal_australia,167.87
2025-07-24,iron_ore_62fe,102.98
2025-07-24,rebar_turkey_fob,540.0
2025-07-24,rebar_uae_exworks,2252.0
2025-07-24,scrap_hms12_turkey,346.0
2025-07-25,billet_cis_fob,445.0
2025-07-25,billet_gcc_cfr,456.5
2025-07-25,billet_saudi_exworks,488.0
2025-07-25,coke_lvliang_china,158.20000000000002
2025-07-25,coke_rizhao_china,200.20000000000002
2025-07-25,coking_coal_australia,176.3
2025-07-25,iron_ore_62fe,101.3
2025-07-25,rebar_turkey_fob,540.0
2025-07-25,rebar_uae_exworks,2252.0
2025-07-25,scrap_hms12_turkey,346.0
2025-07-26,billet_cis_fob,445.0
2025-07-26,billet_gcc_cfr,456.5
2025-07-26,billet_saudi_exworks,488.0
2025-07-26,coke_lvliang_china,158.20000000000002
2025-07-26,coke_rizhao_china,200.20000000000002
2025-07-26,coking_coal_australia,176.3
2025-07-26,iron_ore_62fe,101.3
2025-07-26,rebar_turkey_fob,540.0
2025-07-26,rebar_uae_exworks,2252.0
2025-07-26,scrap_hms12_turkey,346.0
2025-07-27,billet_cis_fob,445.0
2025-07-27,billet_gcc_cfr,456.5
2025-07-27,billet_saudi_exworks,488.0
2025-07-27,coke_lvliang_china,158.20000000000002
2025-07-27,coke_rizhao_china,200.20000000000002
2025-07-27,coking_coal_australia,176.3
2025-07-27,iron_ore_62fe,101.3
2025-07-27,rebar_turkey_fob,540.0
2025-07-27,rebar_uae_exworks,2252.0
2025-07-27,scrap_hms12_turkey,346.0
2025-07-28,billet_cis_fob,445.0
2025-07-28,billet_gcc_cfr,456.5
2025-07-28,billet_saudi_exworks,488.0
2025-07-28,coke_lvliang_china,158.20000000000002
2025-07-28,coke_rizhao_china,200.20000000000002
2025-07-28,coking_coal_australia,176.3
2025-07-28,iron_ore_62fe,99.15
2025-07-28,rebar_turkey_fob,540.0
2025-07-28,rebar_uae_exworks,2252.0
2025-07-28,scrap_hms12_turkey,346.0
2025-07-29,billet_cis_fob,445.0
2025-07-29,billet_gcc_cfr,456.5
2025-07-29,billet_saudi_exworks,488.0
2025-07-29,coke_lvliang_china,158.20000000000002
2025-07-29,coke_rizhao_china,200.20000000000002
2025-07-29,coking_coal_australia,176.3
2025-07-29,iron_ore_62fe,100.86
2025-07-29,rebar_turkey_fob,540.0
2025-07-29,rebar_uae_exworks,2252.0
2025-07-29,scrap_hms12_turkey,346.0
2025-07-30,billet_cis_fob,445.0
2025-07-30,billet_gcc_cfr,456.5
2025-07-30,billet_saudi_exworks,488.0
2025-07-30,coke_lvliang_china,158.20000000000002
2025-07-30,coke_rizhao_china,200.20000000000002
2025-07-30,coking_coal_australia,176.3
2025-07-30,iron_ore_62fe,100.05
2025-07-30,rebar_turkey_fob,542.5
2025-07-30,rebar_uae_exworks,2252.0
2025-07-30,scrap_hms12_turkey,346.0
2025-07-31,billet_cis_fob,445.0
2025-07-31,billet_gcc_cfr,456.5
2025-07-31,billet_saudi_exworks,488.0
2025-07-31,coke_lvliang_china,158.20000000000002
2025-07-31,coke_rizhao_china,200.20000000000002
2025-07-31,coking_coal_australia,176.3
2025-07-31,iron_ore_62fe,98.3
2025-07-31,rebar_turkey_fob,542.5
2025-07-31,rebar_uae_exworks,2253.5
2025-07-31,scrap_hms12_turkey,346.0
2025-08-01,billet_cis_fob,445.0
2025-08-01,billet_gcc_cfr,462.5
2025-08-01,billet_saudi_exworks,490.6666666666667
2025-08-01,coke_lvliang_china,165.20000000000002
2025-08-01,coke_rizhao_china,193.20000000000002
2025-08-01,coking_coal_australia,191.86
2025-08-01,iron_ore_62fe,98.63
2025-08-01,rebar_turkey_fob,542.5
2025-08-01,rebar_uae_exworks,2253.5
2025-08-01,scrap_hms12_turkey,346.0
2025-08-02,billet_cis_fob,445.0
2025-08-02,billet_gcc_cfr,462.5
2025-08-02,billet_saudi_exworks,490.6666666666667
2025-08-02,coke_lvliang_china,165.20000000000002
2025-08-02,coke_rizhao_china,193.20000000000002
2025-08-02,coking_coal_australia,191.86
2025-08-02,iron_ore_62fe,98.63
2025-08-02,rebar_turkey_fob,542.5
2025-08-02,rebar_uae_exworks,2253.5
2025-08-02,scrap_hms12_turkey,346.0
2025-08-03,billet_cis_fob,445.0
2025-08-03,billet_gcc_cfr,462.5
2025-08-03,billet_saudi_exworks,490.6666666666667
2025-08-03,coke_lvliang_china,165.20000000000002
2025-08-03,coke_rizhao_china,193.20000000000002
2025-08-03,coking_coal_australia,191.86
2025-08-03,iron_ore_62fe,98.63
2025-08-03,rebar_turkey_fob,542.5
2025-08-03,rebar_uae_exworks,2253.5
2025-08-03,scrap_hms12_turkey,346.0
2025-08-04,billet_cis_fob,445.0
2025-08-04,billet_gcc_cfr,462.5
2025-08-04,billet_saudi_exworks,490.6666666666667
2025-08-04,coke_lvliang_china,165.20000000000002
2025-08-04,coke_rizhao_china,193.20000000000002
2025-08-04,coking_coal_australia,191.86
2025-08-04,iron_ore_62fe,100.0
2025-08-04,rebar_turkey_fob,542.5
2025-08-04,rebar_uae_exworks,2253.5
2025-08-04,scrap_hms12_turkey,346.0
2025-08-05,billet_cis_fob,445.0
2025-08-05,billet_gcc_cfr,462.5
2025-08-05,billet_saudi_exworks,490.6666666666667
2025-08-05,coke_lvliang_china,165.20000000000002
2025-08-05,coke_rizhao_china,193.20000000000002
2025-08-05,coking_coal_australia,191.86
2025-08-05,iron_ore_62fe,100.92
2025-08-05,rebar_turkey_fob,542.5
2025-08-05,rebar_uae_exworks,2253.5
2025-08-05,scrap_hms12_turkey,346.0
2025-08-06,billet_cis_fob,445.0
2025-08-06,billet_gcc_cfr,462.5
2025-08-06,billet_saudi_exworks,490.6666666666667
2025-08-06,coke_lvliang_china,165.20000000000002
2025-08-06,coke_rizhao_china,193.20000000000002
2025-08-06,coking_coal_australia,191.86
2025-08-06,iron_ore_62fe,100.3
2025-08-06,rebar_turkey_fob,542.5
2025-08-06,rebar_uae_exworks,2253.5
2025-08-06,scrap_hms12_turkey,346.0
2025-08-07,billet_cis_fob,445.0
2025-08-07,billet_gcc_cfr,462.5
2025-08-07,billet_saudi_exworks,490.6666666666667
2025-08-07,coke_lvliang_china,165.20000000000002
2025-08-07,coke_rizhao_china,193.20000000000002
2025-08-07,coking_coal_australia,191.86
2025-08-07,iron_ore_62fe,100.78
2025-08-07,rebar_turkey_fob,542.5
2025-08-07,rebar_uae_exworks,2253.5
2025-08-07,scrap_hms12_turkey,346.0
2025-08-08,billet_cis_fob,440.0
2025-08-08,billet_gcc_cfr,458.5
2025-08-08,billet_saudi_exworks,489.3333333333333
2025-08-08,coke_lvliang_china,172.20000000000002
2025-08-08,coke_rizhao_china,201.60000000000002
2025-08-08,coking_coal_australia,195.69
2025-08-08,iron_ore_62fe,100.9
2025-08-08,rebar_turkey_fob,542.5
2025-08-08,rebar_uae_exworks,2253.5
2025-08-08,scrap_hms12_turkey,346.0
2025-08-09,billet_cis_fob,440.0
2025-08-09,billet_gcc_cfr,458.5
2025-08-09,billet_saudi_exworks,489.3333333333333
2025-08-09,coke_lvliang_china,172.20000000000002
2025-08-09,coke_rizhao_china,201.60000000000002
2025-08-09,coking_coal_australia,195.69
2025-08-09,iron_ore_62fe,100.9
2025-08-09,rebar_turkey_fob,542.5
2025-08-09,rebar_uae_exworks,2253.5
2025-08-09,scrap_hms12_turkey,346.0
2025-08-10,billet_cis_fob,440.0
2025-08-10,billet_gcc_cfr,458.5
2025-08-10,billet_saudi_exworks,489.3333333333333
2025-08-10,coke_lvliang_china,172.20000000000002
2025-08-10,coke_rizhao_china,201.60000000000002
2025-08-10,coking_coal_australia,195.69
2025-08-10,iron_ore_62fe,100.9
2025-08-10,rebar_turkey_fob,542.5
2025-08-10,rebar_uae_exworks,2253.5
2025-08-10,scrap_hms12_turkey,346.0
2025-08-11,billet_cis_fob,440.0
2025-08-11,billet_gcc_cfr,458.5
2025-08-11,billet_saudi_exworks,489.3333333333333
2025-08-11,coke_lvliang_china,172.20000000000002
2025-08-11,coke_rizhao_china,201.60000000000002
2025-08-11,coking_coal_australia,195.69
2025-08-11,iron_ore_62fe,101.39
2025-08-11,rebar_turkey_fob,542.5
2025-08-11,rebar_uae_exworks,2253.5
2025-08-11,scrap_hms12_turkey,346.5
2025-08-12,billet_cis_fob,440.0
2025-08-12,billet_gcc_cfr,458.5
2025-08-12,billet_saudi_exworks,489.3333333333333
2025-08-12,coke_lvliang_china,172.20000000000002
2025-08-12,coke_rizhao_china,201.60000000000002
2025-08-12,coking_coal_australia,195.69
2025-08-12,iron_ore_62fe,104.37
2025-08-12,rebar_turkey_fob,542.5
2025-08-12,rebar_uae_exworks,2253.5
2025-08-12,scrap_hms12_turkey,346.5
2025-08-13,billet_cis_fob,440.0
2025-08-13,billet_gcc_cfr,458.5
2025-08-13,billet_saudi_exworks,489.3333333333333
2025-08-13,coke_lvliang_china,172.20000000000002
2025-08-13,coke_rizhao_china,201.60000000000002
2025-08-13,coking_coal_australia,195.69
2025-08-13,iron_ore_62fe,102.43
2025-08-13,rebar_turkey_fob,542.5
2025-08-13,rebar_uae_exworks,2253.5
2025-08-13,scrap_hms12_turkey,345.5
2025-08-14,billet_cis_fob,440.0
2025-08-14,billet_gcc_cfr,458.5
2025-08-14,billet_saudi_exworks,489.3333333333333
2025-08-14,coke_lvliang_china,172.20000000000002
2025-08-14,coke_rizhao_china,201.60000000000002
2025-08-14,coking_coal_australia,195.69
2025-08-14,iron_ore_62fe,102.18
2025-08-14,rebar_turkey_fob,540.0
2025-08-14,rebar_uae_exworks,2253.5
2025-08-14,scrap_hms12_turkey,345.0
2025-08-15,billet_cis_fob,440.0
2025-08-15,billet_gcc_cfr,462.5
2025-08-15,billet_saudi_exworks,489.3333333333333
2025-08-15,coke_lvliang_china,179.20000000000002
2025-08-15,coke_rizhao_china,204.4
2025-08-15,coking_coal_australia,192.54
2025-08-15,iron_ore_62fe,101.28
2025-08-15,rebar_turkey_fob,540.0
2025-08-15,rebar_uae_exworks,2253.5
2025-08-15,scrap_hms12_turkey,344.5
2025-08-16,billet_cis_fob,440.0
2025-08-16,billet_gcc_cfr,462.5
2025-08-16,billet_saudi_exworks,489.3333333333333
2025-08-16,coke_lvliang_china,179.20000000000002
2025-08-16,coke_rizhao_china,204.4
2025-08-16,coking_coal_australia,192.54
2025-08-16,iron_ore_62fe,101.28
2025-08-16,rebar_turkey_fob,540.0
2025-08-16,rebar_uae_exworks,2253.5
2025-08-16,scrap_hms12_turkey,344.5
2025-08-17,billet_cis_fob,440.0
2025-08-17,billet_gcc_cfr,462.5
2025-08-17,billet_saudi_exworks,489.3333333333333
2025-08-17,coke_lvliang_china,179.20000000000002
2025-08-17,coke_rizhao_china,204.4
2025-08-17,coking_coal_australia,192.54
2025-08-17,iron_ore_62fe,101.28
2025-08-17,rebar_turkey_fob,540.0
2025-08-17,rebar_uae_exworks,2253.5
2025-08-17,scrap_hms12_turkey,344.5
2025-08-18,billet_cis_fob,440.0
2025-08-18,billet_gcc_cfr,462.5
2025-08-18,billet_saudi_exworks,489.3333333333333
2025-08-18,coke_lvliang_china,179.20000000000002
2025-08-18,coke_rizhao_china,204.4
2025-08-18,coking_coal_australia,192.54
2025-08-18,iron_ore_62fe,101.75
2025-08-18,rebar_turkey_fob,540.0
2025-08-18,rebar_uae_exworks,2253.5
2025-08-18,scrap_hms12_turkey,345.0
2025-08-19,billet_cis_fob,440.0
2025-08-19,billet_gcc_cfr,462.5
2025-08-19,billet_saudi_exworks,489.3333333333333
2025-08-19,coke_lvliang_china,179.20000000000002
2025-08-19,coke_rizhao_china,204.4
2025-08-19,coking_coal_australia,192.54
2025-08-19,iron_ore_62fe,100.84
2025-08-19,rebar_turkey_fob,540.0
2025-08-19,rebar_uae_exworks,2253.5
2025-08-19,scrap_hms12_turkey,345.0
2025-08-20,billet_cis_fob,440.0
2025-08-20,billet_gcc_cfr,462.5
2025-08-20,billet_saudi_exworks,489.3333333333333
2025-08-20,coke_lvliang_china,179.20000000000002
2025-08-20,coke_rizhao_china,204.4
2025-08-20,coking_coal_australia,192.54
2025-08-20,iron_ore_62fe,100.31
2025-08-20,rebar_turkey_fob,540.0
2025-08-20,rebar_uae_exworks,2253.5
2025-08-20,scrap_hms12_turkey,345.0
2025-08-21,billet_cis_fob,440.0
2025-08-21,billet_gcc_cfr,462.5
2025-08-21,billet_saudi_exworks,489.3333333333333
2025-08-21,coke_lvliang_china,179.20000000000002
2025-08-21,coke_rizhao_china,204.4
2025-08-21,coking_coal_australia,192.54
2025-08-21,iron_ore_62fe,100.51
2025-08-21,rebar_turkey_fob,537.5
2025-08-21,rebar_uae_exworks,2253.5
2025-08-21,scrap_hms12_turkey,345.0
2025-08-22,billet_cis_fob,440.0
2025-08-22,billet_gcc_cfr,458.0
2025-08-22,billet_saudi_exworks,488.0
2025-08-22,coke_lvliang_china,186.20000000000002
2025-08-22,coke_rizhao_china,205.8
2025-08-22,coking_coal_australia,191.39
2025-08-22,iron_ore_62fe,99.95
2025-08-22,rebar_turkey_fob,537.5
2025-08-22,rebar_uae_exworks,2253.5
2025-08-22,scrap_hms12_turkey,345.0
2025-08-23,billet_cis_fob,440.0
2025-08-23,billet_gcc_cfr,458.0
2025-08-23,billet_saudi_exworks,488.0
2025-08-23,coke_lvliang_china,186.20000000000002
2025-08-23,coke_rizhao_china,205.8
2025-08-23,coking_coal_australia,191.39
2025-08-23,iron_ore_62fe,99.95
2025-08-23,rebar_turkey_fob,537.5
2025-08-23,rebar_uae_exworks,2253.5
2025-08-23,scrap_hms12_turkey,345.0
2025-08-24,billet_cis_fob,440.0
2025-08-24,billet_gcc_cfr,458.0
2025-08-24,billet_saudi_exworks,488.0
2025-08-24,coke_lvliang_china,186.20000000000002
2025-08-24,coke_rizhao_china,205.8
2025-08-24,coking_coal_australia,191.39
2025-08-24,iron_ore_62fe,99.95
2025-08-24,rebar_turkey_fob,537.5
2025-08-24,rebar_uae_exworks,2253.5
2025-08-24,scrap_hms12_turkey,345.0
2025-08-25,billet_cis_fob,440.0
2025-08-25,billet_gcc_cfr,458.0
2025-08-25,billet_saudi_exworks,488.0
2025-08-25,coke_lvliang_china,186.20000000000002
2025-08-25,coke_rizhao_china,205.8
2025-08-25,coking_coal_australia,191.39
2025-08-25,iron_ore_62fe,100.54
2025-08-25,rebar_turkey_fob,537.5
2025-08-25,rebar_uae_exworks,2253.5
2025-08-25,scrap_hms12_turkey,345.0
2025-08-26,billet_cis_fob,440.0
2025-08-26,billet_gcc_cfr,458.0
2025-08-26,billet_saudi_exworks,488.0
2025-08-26,coke_lvliang_china,186.20000000000002
2025-08-26,coke_rizhao_china,205.8
2025-08-26,coking_coal_australia,191.39
2025-08-26,iron_ore_62fe,101.9
2025-08-26,rebar_turkey_fob,537.5
2025-08-26,rebar_uae_exworks,2253.5
2025-08-26,scrap_hms12_turkey,345.0
2025-08-27,billet_cis_fob,440.0
2025-08-27,billet_gcc_cfr,458.0
2025-08-27,billet_saudi_exworks,488.0
2025-08-27,coke_lvliang_china,186.20000000000002
2025-08-27,coke_rizhao_china,205.8
2025-08-27,coking_coal_australia,191.39
2025-08-27,iron_ore_62fe,101.94
2025-08-27,rebar_turkey_fob,537.5
2025-08-27,rebar_uae_exworks,2253.5
2025-08-27,scrap_hms12_turkey,344.0
2025-08-28,billet_cis_fob,440.0
2025-08-28,billet_gcc_cfr,458.0
2025-08-28,billet_saudi_exworks,488.0
2025-08-28,coke_lvliang_china,186.20000000000002
2025-08-28,coke_rizhao_china,205.8
2025-08-28,coking_coal_australia,191.39
2025-08-28,iron_ore_62fe,102.26
2025-08-28,rebar_turkey_fob,537.5
2025-08-28,rebar_uae_exworks,2253.5
2025-08-28,scrap_hms12_turkey,344.0
2025-08-29,billet_cis_fob,442.5
2025-08-29,billet_gcc_cfr,455.5
2025-08-29,billet_saudi_exworks,486.0
2025-08-29,coke_lvliang_china,186.20000000000002
2025-08-29,coke_rizhao_china,207.20000000000002
2025-08-29,coking_coal_australia,186.98
2025-08-29,iron_ore_62fe,102.24
2025-08-29,rebar_turkey_fob,537.5
2025-08-29,rebar_uae_exworks,2258.5
2025-08-29,scrap_hms12_turkey,343.0
2025-08-30,billet_cis_fob,442.5
2025-08-30,billet_gcc_cfr,455.5
2025-08-30,billet_saudi_exworks,486.0
2025-08-30,coke_lvliang_china,186.20000000000002
2025-08-30,coke_rizhao_china,207.20000000000002
2025-08-30,coking_coal_australia,186.98
2025-08-30,iron_ore_62fe,102.24
2025-08-30,rebar_turkey_fob,537.5
2025-08-30,rebar_uae_exworks,2258.5
2025-08-30,scrap_hms12_turkey,343.0
2025-08-31,billet_cis_fob,442.5
2025-08-31,billet_gcc_cfr,455.5
2025-08-31,billet_saudi_exworks,486.0
2025-08-31,coke_lvliang_china,186.20000000000002
2025-08-31,coke_rizhao_china,207.20000000000002
2025-08-31,coking_coal_australia,186.98
2025-08-31,iron_ore_62fe,102.24
2025-08-31,rebar_turkey_fob,537.5
2025-08-31,rebar_uae_exworks,2258.5
2025-08-31,scrap_hms12_turkey,343.0
2025-09-01,billet_cis_fob,442.5
2025-09-01,billet_gcc_cfr,455.5
2025-09-01,billet_saudi_exworks,486.0
2025-09-01,coke_lvliang_china,186.20000000000002
2025-09-01,coke_rizhao_china,207.20000000000002
2025-09-01,coking_coal_australia,186.98
2025-09-01,iron_ore_62fe,101.06
2025-09-01,rebar_turkey_fob,537.5
2025-09-01,rebar_uae_exworks,2258.5
2025-09-01,scrap_hms12_turkey,343.0
2025-09-02,billet_cis_fob,442.5
2025-09-02,billet_gcc_cfr,455.5
2025-09-02,billet_saudi_exworks,486.0
2025-09-02,coke_lvliang_china,186.20000000000002
2025-09-02,coke_rizhao_china,207.20000000000002
2025-09-02,coking_coal_australia,186.98
2025-09-02,iron_ore_62fe,101.45
2025-09-02,rebar_turkey_fob,537.5
2025-09-02,rebar_uae_exworks,2258.5
2025-09-02,scrap_hms12_turkey,343.0
2025-09-03,billet_cis_fob,442.5
2025-09-03,billet_gcc_cfr,455.5
2025-09-03,billet_saudi_exworks,486.0
2025-09-03,coke_lvliang_china,186.20000000000002
2025-09-03,coke_rizhao_china,207.20000000000002
2025-09-03,coking_coal_australia,186.98
2025-09-03,iron_ore_62fe,102.87
2025-09-03,rebar_turkey_fob,537.5
2025-09-03,rebar_uae_exworks,2258.5
2025-09-03,scrap_hms12_turkey,343.0
2025-09-04,billet_cis_fob,442.5
2025-09-04,billet_gcc_cfr,455.5
2025-09-04,billet_saudi_exworks,486.0
2025-09-04,coke_lvliang_china,186.20000000000002
2025-09-04,coke_rizhao_china,207.20000000000002
2025-09-04,coking_coal_australia,186.98
2025-09-04,iron_ore_62fe,105.14
2025-09-04,rebar_turkey_fob,535.0
2025-09-04,rebar_uae_exworks,2258.5
2025-09-04,scrap_hms12_turkey,343.0
2025-09-05,billet_cis_fob,437.5
2025-09-05,billet_gcc_cfr,452.5
2025-09-05,billet_saudi_exworks,488.0
2025-09-05,coke_lvliang_china,186.20000000000002
2025-09-05,coke_rizhao_china,200.20000000000002
2025-09-05,coking_coal_australia,185.81
2025-09-05,iron_ore_62fe,105.99
2025-09-05,rebar_turkey_fob,535.0
2025-09-05,rebar_uae_exworks,2258.5
2025-09-05,scrap_hms12_turkey,342.0
2025-09-06,billet_cis_fob,437.5
2025-09-06,billet_gcc_cfr,452.5
2025-09-06,billet_saudi_exworks,488.0
2025-09-06,coke_lvliang_china,186.20000000000002
2025-09-06,coke_rizhao_china,200.20000000000002
2025-09-06,coking_coal_australia,185.81
2025-09-06,iron_ore_62fe,105.99
2025-09-06,rebar_turkey_fob,535.0
2025-09-06,rebar_uae_exworks,2258.5
2025-09-06,scrap_hms12_turkey,342.0
2025-09-07,billet_cis_fob,437.5
2025-09-07,billet_gcc_cfr,452.5
2025-09-07,billet_saudi_exworks,488.0
2025-09-07,coke_lvliang_china,186.20000000000002
2025-09-07,coke_rizhao_china,200.20000000000002
2025-09-07,coking_coal_australia,185.81
2025-09-07,iron_ore_62fe,105.99
2025-09-07,rebar_turkey_fob,535.0
2025-09-07,rebar_uae_exworks,2258.5
2025-09-07,scrap_hms12_turkey,342.0
2025-09-08,billet_cis_fob,437.5
2025-09-08,billet_gcc_cfr,452.5
2025-09-08,billet_saudi_exworks,488.0
2025-09-08,coke_lvliang_china,186.20000000000002
2025-09-08,coke_rizhao_china,200.20000000000002
2025-09-08,coking_coal_australia,185.81
2025-09-08,iron_ore_62fe,104.98
2025-09-08,rebar_turkey_fob,535.0
2025-09-08,rebar_uae_exworks,2258.5
2025-09-08,scrap_hms12_turkey,342.0
2025-09-09,billet_cis_fob,437.5
2025-09-09,billet_gcc_cfr,452.5
2025-09-09,billet_saudi_exworks,488.0
2025-09-09,coke_lvliang_china,186.20000000000002
2025-09-09,coke_rizhao_china,200.20000000000002
2025-09-09,coking_coal_australia,185.81
2025-09-09,iron_ore_62fe,107.59
2025-09-09,rebar_turkey_fob,535.0
2025-09-09,rebar_uae_exworks,2258.5
2025-09-09,scrap_hms12_turkey,341.5
2025-09-10,billet_cis_fob,437.5
2025-09-10,billet_gcc_cfr,452.5
2025-09-10,billet_saudi_exworks,488.0
2025-09-10,coke_lvliang_china,186.20000000000002
2025-09-10,coke_rizhao_china,200.20000000000002
2025-09-10,coking_coal_australia,185.81
2025-09-10,iron_ore_62fe,107.34
2025-09-10,rebar_turkey_fob,535.0
2025-09-10,rebar_uae_exworks,2258.5
2025-09-10,scrap_hms12_turkey,338.5
2025-09-11,billet_cis_fob,437.5
2025-09-11,billet_gcc_cfr,452.5
2025-09-11,billet_saudi_exworks,488.0
2025-09-11,coke_lvliang_china,186.20000000000002
2025-09-11,coke_rizhao_china,200.20000000000002
2025-09-11,coking_coal_australia,185.81
2025-09-11,iron_ore_62fe,105.26
2025-09-11,rebar_turkey_fob,535.0
2025-09-11,rebar_uae_exworks,2258.5
2025-09-11,scrap_hms12_turkey,338.5
2025-09-12,billet_cis_fob,437.5
2025-09-12,billet_gcc_cfr,452.5
2025-09-12,billet_saudi_exworks,488.0
2025-09-12,coke_lvliang_china,179.20000000000002
2025-09-12,coke_rizhao_china,194.60000000000002
2025-09-12,coking_coal_australia,187.48
2025-09-12,iron_ore_62fe,105.38
2025-09-12,rebar_turkey_fob,535.0
2025-09-12,rebar_uae_exworks,2258.5
2025-09-12,scrap_hms12_turkey,337.5
2025-09-13,billet_cis_fob,437.5
2025-09-13,billet_gcc_cfr,452.5
2025-09-13,billet_saudi_exworks,488.0
2025-09-13,coke_lvliang_china,179.20000000000002
2025-09-13,coke_rizhao_china,194.60000000000002
2025-09-13,coking_coal_australia,187.48
2025-09-13,iron_ore_62fe,105.38
2025-09-13,rebar_turkey_fob,535.0
2025-09-13,rebar_uae_exworks,2258.5
2025-09-13,scrap_hms12_turkey,337.5
2025-09-14,billet_cis_fob,437.5
2025-09-14,billet_gcc_cfr,452.5
2025-09-14,billet_saudi_exworks,488.0
2025-09-14,coke_lvliang_china,179.20000000000002
2025-09-14,coke_rizhao_china,194.60000000000002
2025-09-14,coking_coal_australia,187.48
2025-09-14,iron_ore_62fe,105.38
2025-09-14,rebar_turkey_fob,535.0
2025-09-14,rebar_uae_exworks,2258.5
2025-09-14,scrap_hms12_turkey,337.5
2025-09-15,billet_cis_fob,437.5
2025-09-15,billet_gcc_cfr,452.5
2025-09-15,billet_saudi_exworks,488.0
2025-09-15,coke_lvliang_china,179.20000000000002
2025-09-15,coke_rizhao_china,194.60000000000002
2025-09-15,coking_coal_australia,187.48
2025-09-15,iron_ore_62fe,106.33
2025-09-15,rebar_turkey_fob,535.0
2025-09-15,rebar_uae_exworks,2258.5
2025-09-15,scrap_hms12_turkey,335.5
2025-09-16,billet_cis_fob,437.5
2025-09-16,billet_gcc_cfr,452.5
2025-09-16,billet_saudi_exworks,488.0
2025-09-16,coke_lvliang_china,179.20000000000002
2025-09-16,coke_rizhao_china,194.60000000000002
2025-09-16,coking_coal_australia,187.48
2025-09-16,iron_ore_62fe,106.3
2025-09-16,rebar_turkey_fob,535.0
2025-09-16,rebar_uae_exworks,2258.5
2025-09-16,scrap_hms12_turkey,335.0
2025-09-17,billet_cis_fob,437.5
2025-09-17,billet_gcc_cfr,452.5
2025-09-17,billet_saudi_exworks,488.0
2025-09-17,coke_lvliang_china,179.20000000000002
2025-09-17,coke_rizhao_china,194.60000000000002
2025-09-17,coking_coal_australia,187.48
2025-09-17,iron_ore_62fe,105.5
2025-09-17,rebar_turkey_fob,535.0
2025-09-17,rebar_uae_exworks,2258.5
2025-09-17,scrap_hms12_turkey,334.5
2025-09-18,billet_cis_fob,437.5
2025-09-18,billet_gcc_cfr,452.5
2025-09-18,billet_saudi_exworks,488.0
2025-09-18,coke_lvliang_china,179.20000000000002
2025-09-18,coke_rizhao_china,194.60000000000002
2025-09-18,coking_coal_australia,187.48
2025-09-18,iron_ore_62fe,105.17
2025-09-18,rebar_turkey_fob,535.0
2025-09-18,rebar_uae_exworks,2258.5
2025-09-18,scrap_hms12_turkey,334.5
2025-09-19,billet_cis_fob,433.5
2025-09-19,billet_gcc_cfr,455.0
2025-09-19,billet_saudi_exworks,482.6666666666667
2025-09-19,coke_lvliang_china,172.20000000000002
2025-09-19,coke_rizhao_china,210.00000000000003
2025-09-19,coking_coal_australia,187.71
2025-09-19,iron_ore_62fe,105.92
2025-09-19,rebar_turkey_fob,535.0
2025-09-19,rebar_uae_exworks,2258.5
2025-09-19,scrap_hms12_turkey,334.5
2025-09-20,billet_cis_fob,433.5
2025-09-20,billet_gcc_cfr,455.0
2025-09-20,billet_saudi_exworks,482.6666666666667
2025-09-20,coke_lvliang_china,172.20000000000002
2025-09-20,coke_rizhao_china,210.00000000000003
2025-09-20,coking_coal_australia,187.71
2025-09-20,iron_ore_62fe,105.92
2025-09-20,rebar_turkey_fob,535.0
2025-09-20,rebar_uae_exworks,2258.5
2025-09-20,scrap_hms12_turkey,334.5
2025-09-21,billet_cis_fob,433.5
2025-09-21,billet_gcc_cfr,455.0
2025-09-21,billet_saudi_exworks,482.6666666666667
2025-09-21,coke_lvliang_china,172.20000000000002
2025-09-21,coke_rizhao_china,210.00000000000003
2025-09-21,coking_coal_australia,187.71
2025-09-21,iron_ore_62fe,105.92
2025-09-21,rebar_turkey_fob,535.0
2025-09-21,rebar_uae_exworks,2258.5
2025-09-21,scrap_hms12_turkey,334.5
2025-09-22,billet_cis_fob,433.5
2025-09-22,billet_gcc_cfr,455.0
2025-09-22,billet_saudi_exworks,482.6666666666667
2025-09-22,coke_lvliang_china,172.20000000000002
2025-09-22,coke_rizhao_china,210.00000000000003
2025-09-22,coking_coal_australia,187.71
2025-09-22,iron_ore_62fe,104.9
2025-09-22,rebar_turkey_fob,535.0
2025-09-22,rebar_uae_exworks,2258.5
2025-09-22,scrap_hms12_turkey,334.5
2025-09-23,billet_cis_fob,433.5
2025-09-23,billet_gcc_cfr,455.0
2025-09-23,billet_saudi_exworks,482.6666666666667
2025-09-23,coke_lvliang_china,172.20000000000002
2025-09-23,coke_rizhao_china,210.00000000000003
2025-09-23,coking_coal_australia,187.71
2025-09-23,iron_ore_62fe,105.48
2025-09-23,rebar_turkey_fob,535.0
2025-09-23,rebar_uae_exworks,2258.5
2025-09-23,scrap_hms12_turkey,334.5
2025-09-24,billet_cis_fob,433.5
2025-09-24,billet_gcc_cfr,455.0
2025-09-24,billet_saudi_exworks,482.6666666666667
2025-09-24,coke_lvliang_china,172.20000000000002
2025-09-24,coke_rizhao_china,210.00000000000003
2025-09-24,coking_coal_australia,187.71
2025-09-24,iron_ore_62fe,105.73
2025-09-24,rebar_turkey_fob,540.0
2025-09-24,rebar_uae_exworks,2258.5
2025-09-24,scrap_hms12_turkey,340.0
2025-09-25,billet_cis_fob,433.5
2025-09-25,billet_gcc_cfr,455.0
2025-09-25,billet_saudi_exworks,482.6666666666667
2025-09-25,coke_lvliang_china,172.20000000000002
2025-09-25,coke_rizhao_china,210.00000000000003
2025-09-25,coking_coal_australia,187.71
2025-09-25,iron_ore_62fe,106.76
2025-09-25,rebar_turkey_fob,540.0
2025-09-25,rebar_uae_exworks,2258.5
2025-09-25,scrap_hms12_turkey,340.0
2025-09-26,billet_cis_fob,435.0
2025-09-26,billet_gcc_cfr,455.0
2025-09-26,billet_saudi_exworks,482.6666666666667
2025-09-26,coke_lvliang_china,172.20000000000002
2025-09-26,coke_rizhao_china,204.4
2025-09-26,coking_coal_australia,190.59
2025-09-26,iron_ore_62fe,103.58
2025-09-26,rebar_turkey_fob,540.0
2025-09-26,rebar_uae_exworks,2258.5
2025-09-26,scrap_hms12_turkey,341.0
2025-09-27,billet_cis_fob,435.0
2025-09-27,billet_gcc_cfr,455.0
2025-09-27,billet_saudi_exworks,482.6666666666667
2025-09-27,coke_lvliang_china,172.20000000000002
2025-09-27,coke_rizhao_china,204.4
2025-09-27,coking_coal_australia,190.59
2025-09-27,iron_ore_62fe,103.58
2025-09-27,rebar_turkey_fob,540.0
2025-09-27,rebar_uae_exworks,2258.5
2025-09-27,scrap_hms12_turkey,341.0
2025-09-28,billet_cis_fob,435.0
2025-09-28,billet_gcc_cfr,455.0
2025-09-28,billet_saudi_exworks,482.6666666666667
2025-09-28,coke_lvliang_china,172.20000000000002
2025-09-28,coke_rizhao_china,204.4
2025-09-28,coking_coal_australia,190.59
2025-09-28,iron_ore_62fe,103.58
2025-09-28,rebar_turkey_fob,540.0
2025-09-28,rebar_uae_exworks,2258.5
2025-09-28,scrap_hms12_turkey,341.0
2025-09-29,billet_cis_fob,435.0
2025-09-29,billet_gcc_cfr,455.0
2025-09-29,billet_saudi_exworks,482.6666666666667
2025-09-29,coke_lvliang_china,172.20000000000002
2025-09-29,coke_rizhao_china,204.4
2025-09-29,coking_coal_australia,190.59
2025-09-29,iron_ore_62fe,102.87
2025-09-29,rebar_turkey_fob,542.5
2025-09-29,rebar_uae_exworks,2258.5
2025-09-29,scrap_hms12_turkey,342.0
2025-09-30,billet_cis_fob,435.0
2025-09-30,billet_gcc_cfr,455.0
2025-09-30,billet_saudi_exworks,482.6666666666667
2025-09-30,coke_lvliang_china,172.20000000000002
2025-09-30,coke_rizhao_china,204.4
2025-09-30,coking_coal_australia,190.59
2025-09-30,iron_ore_62fe,103.12
2025-09-30,rebar_turkey_fob,542.5
2025-09-30,rebar_uae_exworks,2337.5
2025-09-30,scrap_hms12_turkey,342.0
2025-10-01,billet_cis_fob,435.0
2025-10-01,billet_gcc_cfr,455.0
2025-10-01,billet_saudi_exworks,482.6666666666667
2025-10-01,coke_lvliang_china,172.20000000000002
2025-10-01,coke_rizhao_china,204.4
2025-10-01,coking_coal_australia,190.59
2025-10-01,iron_ore_62fe,103.1
2025-10-01,rebar_turkey_fob,542.5
2025-10-01,rebar_uae_exworks,2337.5
2025-10-01,scrap_hms12_turkey,342.5
2025-10-02,billet_cis_fob,435.0
2025-10-02,billet_gcc_cfr,455.0
2025-10-02,billet_saudi_exworks,482.6666666666667
2025-10-02,coke_lvliang_china,172.20000000000002
2025-10-02,coke_rizhao_china,204.4
2025-10-02,coking_coal_australia,190.59
2025-10-02,iron_ore_62fe,103.32
2025-10-02,rebar_turkey_fob,542.5
2025-10-02,rebar_uae_exworks,2337.5
2025-10-02,scrap_hms12_turkey,345.0
2025-10-03,billet_cis_fob,437.5
2025-10-03,billet_gcc_cfr,446.5
2025-10-03,billet_saudi_exworks,482.6666666666667
2025-10-03,coke_lvliang_china,179.20000000000002
2025-10-03,coke_rizhao_china,204.4
2025-10-03,coking_coal_australia,190.71
2025-10-03,iron_ore_62fe,103.49
2025-10-03,rebar_turkey_fob,542.5
2025-10-03,rebar_uae_exworks,2337.5
2025-10-03,scrap_hms12_turkey,345.0
2025-10-04,billet_cis_fob,437.5
2025-10-04,billet_gcc_cfr,446.5
2025-10-04,billet_saudi_exworks,482.6666666666667
2025-10-04,coke_lvliang_china,179.20000000000002
2025-10-04,coke_rizhao_china,204.4
2025-10-04,coking_coal_australia,190.71
2025-10-04,iron_ore_62fe,103.49
2025-10-04,rebar_turkey_fob,542.5
2025-10-04,rebar_uae_exworks,2337.5
2025-10-04,scrap_hms12_turkey,345.0
2025-10-05,billet_cis_fob,437.5
2025-10-05,billet_gcc_cfr,446.5
2025-10-05,billet_saudi_exworks,482.6666666666667
2025-10-05,coke_lvliang_china,179.20000000000002
2025-10-05,coke_rizhao_china,204.4
2025-10-05,coking_coal_australia,190.71
2025-10-05,iron_ore_62fe,103.49
2025-10-05,rebar_turkey_fob,542.5
2025-10-05,rebar_uae_exworks,2337.5
2025-10-05,scrap_hms12_turkey,345.0
2025-10-06,billet_cis_fob,437.5
2025-10-06,billet_gcc_cfr,446.5
2025-10-06,billet_saudi_exworks,482.6666666666667
2025-10-06,coke_lvliang_china,179.20000000000002
2025-10-06,coke_rizhao_china,204.4
2025-10-06,coking_coal_australia,190.71
2025-10-06,iron_ore_62fe,103.67
2025-10-06,rebar_turkey_fob,545.0
2025-10-06,rebar_uae_exworks,2337.5
2025-10-06,scrap_hms12_turkey,345.0
2025-10-07,billet_cis_fob,437.5
2025-10-07,billet_gcc_cfr,446.5
2025-10-07,billet_saudi_exworks,482.6666666666667
2025-10-07,coke_lvliang_china,179.20000000000002
2025-10-07,coke_rizhao_china,204.4
2025-10-07,coking_coal_australia,190.71
2025-10-07,iron_ore_62fe,103.65
2025-10-07,rebar_turkey_fob,545.0
2025-10-07,rebar_uae_exworks,2337.5
2025-10-07,scrap_hms12_turkey,346.0
2025-10-08,billet_cis_fob,437.5
2025-10-08,billet_gcc_cfr,446.5
2025-10-08,billet_saudi_exworks,482.6666666666667
2025-10-08,coke_lvliang_china,179.20000000000002
2025-10-08,coke_rizhao_china,204.4
2025-10-08,coking_coal_australia,190.71
2025-10-08,iron_ore_62fe,103.79
2025-10-08,rebar_turkey_fob,547.5
2025-10-08,rebar_uae_exworks,2337.5
2025-10-08,scrap_hms12_turkey,346.5
2025-10-09,billet_cis_fob,437.5
2025-10-09,billet_gcc_cfr,446.5
2025-10-09,billet_saudi_exworks,482.6666666666667
2025-10-09,coke_lvliang_china,179.20000000000002
2025-10-09,coke_rizhao_china,204.4
2025-10-09,coking_coal_australia,190.71
2025-10-09,iron_ore_62fe,104.49
2025-10-09,rebar_turkey_fob,547.5
2025-10-09,rebar_uae_exworks,2337.5
2025-10-09,scrap_hms12_turkey,349.0
2025-10-10,billet_cis_fob,435.0
2025-10-10,billet_gcc_cfr,448.0
2025-10-10,billet_saudi_exworks,478.6666666666667
2025-10-10,coke_lvliang_china,179.20000000000002
2025-10-10,coke_rizhao_china,201.60000000000002
2025-10-10,coking_coal_australia,194.4
2025-10-10,iron_ore_62fe,106.8
2025-10-10,rebar_turkey_fob,547.5
2025-10-10,rebar_uae_exworks,2337.5
2025-10-10,scrap_hms12_turkey,350.0
2025-10-11,billet_cis_fob,435.0
2025-10-11,billet_gcc_cfr,448.0
2025-10-11,billet_saudi_exworks,478.6666666666667
2025-10-11,coke_lvliang_china,179.20000000000002
2025-10-11,coke_rizhao_china,201.60000000000002
2025-10-11,coking_coal_australia,194.4
2025-10-11,iron_ore_62fe,106.8
2025-10-11,rebar_turkey_fob,547.5
2025-10-11,rebar_uae_exworks,2337.5
2025-10-11,scrap_hms12_turkey,350.0
2025-10-12,billet_cis_fob,435.0
2025-10-12,billet_gcc_cfr,448.0
2025-10-12,billet_saudi_exworks,478.6666666666667
2025-10-12,coke_lvliang_china,179.20000000000002
2025-10-12,coke_rizhao_china,201.60000000000002
2025-10-12,coking_coal_australia,194.4
2025-10-12,iron_ore_62fe,106.8
2025-10-12,rebar_turkey_fob,547.5
2025-10-12,rebar_uae_exworks,2337.5
2025-10-12,scrap_hms12_turkey,350.0
2025-10-13,billet_cis_fob,435.0
2025-10-13,billet_gcc_cfr,448.0
2025-10-13,billet_saudi_exworks,478.6666666666667
2025-10-13,coke_lvliang_china,179.20000000000002
2025-10-13,coke_rizhao_china,201.60000000000002
2025-10-13,coking_coal_australia,194.4
2025-10-13,iron_ore_62fe,107.79
2025-10-13,rebar_turkey_fob,547.5
2025-10-13,rebar_uae_exworks,2337.5
2025-10-13,scrap_hms12_turkey,350.0
2025-10-14,billet_cis_fob,435.0
2025-10-14,billet_gcc_cfr,448.0
2025-10-14,billet_saudi_exworks,478.6666666666667
2025-10-14,coke_lvliang_china,179.20000000000002
2025-10-14,coke_rizhao_china,201.60000000000002
2025-10-14,coking_coal_australia,194.4
2025-10-14,iron_ore_62fe,107.11
2025-10-14,rebar_turkey_fob,547.5
2025-10-14,rebar_uae_exworks,2337.5
2025-10-14,scrap_hms12_turkey,350.0
2025-10-15,billet_cis_fob,435.0
2025-10-15,billet_gcc_cfr,448.0
2025-10-15,billet_saudi_exworks,478.6666666666667
2025-10-15,coke_lvliang_china,179.20000000000002
2025-10-15,coke_rizhao_china,201.60000000000002
2025-10-15,coking_coal_australia,194.4
2025-10-15,iron_ore_62fe,106.95
2025-10-15,rebar_turkey_fob,547.5
2025-10-15,rebar_uae_exworks,2337.5
2025-10-15,scrap_hms12_turkey,351.5
2025-10-16,billet_cis_fob,435.0
2025-10-16,billet_gcc_cfr,448.0
2025-10-16,billet_saudi_exworks,478.6666666666667
2025-10-16,coke_lvliang_china,179.20000000000002
2025-10-16,coke_rizhao_china,201.60000000000002
2025-10-16,coking_coal_australia,194.4
2025-10-16,iron_ore_62fe,106.57
2025-10-16,rebar_turkey_fob,547.5
2025-10-16,rebar_uae_exworks,2337.5
2025-10-16,scrap_hms12_turkey,351.5
2025-10-17,billet_cis_fob,435.0
2025-10-17,billet_gcc_cfr,449.0
2025-10-17,billet_saudi_exworks,478.6666666666667
2025-10-17,coke_lvliang_china,179.20000000000002
2025-10-17,coke_rizhao_china,203.00000000000003
2025-10-17,coking_coal_australia,194.5
2025-10-17,iron_ore_62fe,105.91
2025-10-17,rebar_turkey_fob,547.5
2025-10-17,rebar_uae_exworks,2337.5
2025-10-17,scrap_hms12_turkey,351.5
2025-10-18,billet_cis_fob,435.0
2025-10-18,billet_gcc_cfr,449.0
2025-10-18,billet_saudi_exworks,478.6666666666667
2025-10-18,coke_lvliang_china,179.20000000000002
2025-10-18,coke_rizhao_china,203.00000000000003
2025-10-18,coking_coal_australia,194.5
2025-10-18,iron_ore_62fe,105.91
2025-10-18,rebar_turkey_fob,547.5
2025-10-18,rebar_uae_exworks,2337.5
2025-10-18,scrap_hms12_turkey,351.5
2025-10-19,billet_cis_fob,435.0
2025-10-19,billet_gcc_cfr,449.0
2025-10-19,billet_saudi_exworks,478.6666666666667
2025-10-19,coke_lvliang_china,179.20000000000002
2025-10-19,coke_rizhao_china,203.00000000000003
2025-10-19,coking_coal_australia,194.5
2025-10-19,iron_ore_62fe,105.91
2025-10-19,rebar_turkey_fob,547.5
2025-10-19,rebar_uae_exworks,2337.5
2025-10-19,scrap_hms12_turkey,351.5
2025-10-20,billet_cis_fob,435.0
2025-10-20,billet_gcc_cfr,449.0
2025-10-20,billet_saudi_exworks,478.6666666666667
2025-10-20,coke_lvliang_china,179.20000000000002
2025-10-20,coke_rizhao_china,203.00000000000003
2025-10-20,coking_coal_australia,194.5
2025-10-20,iron_ore_62fe,105.56
2025-10-20,rebar_turkey_fob,547.5
2025-10-20,rebar_uae_exworks,2337.5
2025-10-20,scrap_hms12_turkey,351.0
2025-10-21,billet_cis_fob,435.0
2025-10-21,billet_gcc_cfr,449.0
2025-10-21,billet_saudi_exworks,478.6666666666667
2025-10-21,coke_lvliang_china,179.20000000000002
2025-10-21,coke_rizhao_china,203.00000000000003
2025-10-21,coking_coal_australia,194.5
2025-10-21,iron_ore_62fe,105.52
2025-10-21,rebar_turkey_fob,547.5
2025-10-21,rebar_uae_exworks,2337.5
2025-10-21,scrap_hms12_turkey,351.0
2025-10-22,billet_cis_fob,435.0
2025-10-22,billet_gcc_cfr,449.0
2025-10-22,billet_saudi_exworks,478.6666666666667
2025-10-22,coke_lvliang_china,179.20000000000002
2025-10-22,coke_rizhao_china,203.00000000000003
2025-10-22,coking_coal_australia,194.5
2025-10-22,iron_ore_62fe,104.45
2025-10-22,rebar_turkey_fob,547.5
2025-10-22,rebar_uae_exworks,2337.5
2025-10-22,scrap_hms12_turkey,351.0
2025-10-23,billet_cis_fob,435.0
2025-10-23,billet_gcc_cfr,449.0
2025-10-23,billet_saudi_exworks,478.6666666666667
2025-10-23,coke_lvliang_china,179.20000000000002
2025-10-23,coke_rizhao_china,203.00000000000003
2025-10-23,coking_coal_australia,194.5
2025-10-23,iron_ore_62fe,104.75
2025-10-23,rebar_turkey_fob,547.5
2025-10-23,rebar_uae_exworks,2337.5
2025-10-23,scrap_hms12_turkey,350.0
2025-10-24,billet_cis_fob,433.0
2025-10-24,billet_gcc_cfr,449.5
2025-10-24,billet_saudi_exworks,478.6666666666667
2025-10-24,coke_lvliang_china,179.20000000000002
2025-10-24,coke_rizhao_china,208.60000000000002
2025-10-24,coking_coal_australia,197.52
2025-10-24,iron_ore_62fe,104.71
2025-10-24,rebar_turkey_fob,547.5
2025-10-24,rebar_uae_exworks,2337.5
2025-10-24,scrap_hms12_turkey,350.0
2025-10-25,billet_cis_fob,433.0
2025-10-25,billet_gcc_cfr,449.5
2025-10-25,billet_saudi_exworks,478.6666666666667
2025-10-25,coke_lvliang_china,179.20000000000002
2025-10-25,coke_rizhao_china,208.60000000000002
2025-10-25,coking_coal_australia,197.52
2025-10-25,iron_ore_62fe,104.71
2025-10-25,rebar_turkey_fob,547.5
2025-10-25,rebar_uae_exworks,2337.5
2025-10-25,scrap_hms12_turkey,350.0
2025-10-26,billet_cis_fob,433.0
2025-10-26,billet_gcc_cfr,449.5
2025-10-26,billet_saudi_exworks,478.6666666666667
2025-10-26,coke_lvliang_china,179.20000000000002
2025-10-26,coke_rizhao_china,208.60000000000002
2025-10-26,coking_coal_australia,197.52
2025-10-26,iron_ore_62fe,104.71
2025-10-26,rebar_turkey_fob,547.5
2025-10-26,rebar_uae_exworks,2337.5
2025-10-26,scrap_hms12_turkey,350.0
2025-10-27,billet_cis_fob,433.0
2025-10-27,billet_gcc_cfr,449.5
2025-10-27,billet_saudi_exworks,478.6666666666667
2025-10-27,coke_lvliang_china,179.20000000000002
2025-10-27,coke_rizhao_china,208.60000000000002
2025-10-27,coking_coal_australia,197.52
2025-10-27,iron_ore_62fe,105.09
2025-10-27,rebar_turkey_fob,547.5
2025-10-27,rebar_uae_exworks,2337.5
2025-10-27,scrap_hms12_turkey,350.0
2025-10-28,billet_cis_fob,433.0
2025-10-28,billet_gcc_cfr,449.5
2025-10-28,billet_saudi_exworks,478.6666666666667
2025-10-28,coke_lvliang_china,179.20000000000002
2025-10-28,coke_rizhao_china,208.60000000000002
2025-10-28,coking_coal_australia,197.52
2025-10-28,iron_ore_62fe,106.05
2025-10-28,rebar_turkey_fob,547.5
2025-10-28,rebar_uae_exworks,2337.5
2025-10-28,scrap_hms12_turkey,350.0
2025-10-29,billet_cis_fob,433.0
2025-10-29,billet_gcc_cfr,449.5
2025-10-29,billet_saudi_exworks,478.6666666666667
2025-10-29,coke_lvliang_china,179.20000000000002
2025-10-29,coke_rizhao_china,208.60000000000002
2025-10-29,coking_coal_australia,197.52
2025-10-29,iron_ore_62fe,106.3
2025-10-29,rebar_turkey_fob,547.5
2025-10-29,rebar_uae_exworks,2337.5
2025-10-29,scrap_hms12_turkey,350.0
2025-10-30,billet_cis_fob,433.0
2025-10-30,billet_gcc_cfr,449.5
2025-10-30,billet_saudi_exworks,478.6666666666667
2025-10-30,coke_lvliang_china,179.20000000000002
2025-10-30,coke_rizhao_china,208.60000000000002
2025-10-30,coking_coal_australia,197.52
2025-10-30,iron_ore_62fe,106.23
2025-10-30,rebar_turkey_fob,547.5
2025-10-30,rebar_uae_exworks,2337.5
2025-10-30,scrap_hms12_turkey,350.0
2025-10-31,billet_cis_fob,433.0
2025-10-31,billet_gcc_cfr,444.5
2025-10-31,billet_saudi_exworks,474.6666666666667
2025-10-31,coke_lvliang_china,186.20000000000002
2025-10-31,coke_rizhao_china,217.00000000000003
2025-10-31,coking_coal_australia,197.36
2025-10-31,iron_ore_62fe,106.22
2025-10-31,rebar_turkey_fob,547.5
2025-10-31,rebar_uae_exworks,2372.5
2025-10-31,scrap_hms12_turkey,351.0
2025-11-01,billet_cis_fob,433.0
2025-11-01,billet_gcc_cfr,444.5
2025-11-01,billet_saudi_exworks,474.6666666666667
2025-11-01,coke_lvliang_china,186.20000000000002
2025-11-01,coke_rizhao_china,217.00000000000003
2025-11-01,coking_coal_australia,197.36
2025-11-01,iron_ore_62fe,106.22
2025-11-01,rebar_turkey_fob,547.5
2025-11-01,rebar_uae_exworks,2372.5
2025-11-01,scrap_hms12_turkey,351.0
2025-11-02,billet_cis_fob,433.0
2025-11-02,billet_gcc_cfr,444.5
2025-11-02,billet_saudi_exworks,474.6666666666667
2025-11-02,coke_lvliang_china,186.20000000000002
2025-11-02,coke_rizhao_china,217.00000000000003
2025-11-02,coking_coal_australia,197.36
2025-11-02,iron_ore_62fe,106.22
2025-11-02,rebar_turkey_fob,547.5
2025-11-02,rebar_uae_exworks,2372.5
2025-11-02,scrap_hms12_turkey,351.0
2025-11-03,billet_cis_fob,433.0
2025-11-03,billet_gcc_cfr,444.5
2025-11-03,billet_saudi_exworks,474.6666666666667
2025-11-03,coke_lvliang_china,186.20000000000002
2025-11-03,coke_rizhao_china,217.00000000000003
2025-11-03,coking_coal_australia,197.36
2025-11-03,iron_ore_62fe,105.96
2025-11-03,rebar_turkey_fob,550.0
2025-11-03,rebar_uae_exworks,2372.5
2025-11-03,scrap_hms12_turkey,352.0
2025-11-04,billet_cis_fob,433.0
2025-11-04,billet_gcc_cfr,444.5
2025-11-04,billet_saudi_exworks,474.6666666666667
2025-11-04,coke_lvliang_china,186.20000000000002
2025-11-04,coke_rizhao_china,217.00000000000003
2025-11-04,coking_coal_australia,197.36
2025-11-04,iron_ore_62fe,104.79
2025-11-04,rebar_turkey_fob,550.0
2025-11-04,rebar_uae_exworks,2372.5
2025-11-04,scrap_hms12_turkey,352.0
2025-11-05,billet_cis_fob,433.0
2025-11-05,billet_gcc_cfr,444.5
2025-11-05,billet_saudi_exworks,474.6666666666667
2025-11-05,coke_lvliang_china,186.20000000000002
2025-11-05,coke_rizhao_china,217.00000000000003
2025-11-05,coking_coal_australia,197.36
2025-11-05,iron_ore_62fe,105.02
2025-11-05,rebar_turkey_fob,550.0
2025-11-05,rebar_uae_exworks,2372.5
2025-11-05,scrap_hms12_turkey,355.5
2025-11-06,billet_cis_fob,433.0
2025-11-06,billet_gcc_cfr,444.5
2025-11-06,billet_saudi_exworks,474.6666666666667
2025-11-06,coke_lvliang_china,186.20000000000002
2025-11-06,coke_rizhao_china,217.00000000000003
2025-11-06,coking_coal_australia,197.36
2025-11-06,iron_ore_62fe,105.49
2025-11-06,rebar_turkey_fob,550.0
2025-11-06,rebar_uae_exworks,2372.5
2025-11-06,scrap_hms12_turkey,355.5
2025-11-07,billet_cis_fob,433.0
2025-11-07,billet_gcc_cfr,447.5
2025-11-07,billet_saudi_exworks,473.3333333333333
2025-11-07,coke_lvliang_china,193.20000000000002
2025-11-07,coke_rizhao_china,219.8
2025-11-07,coking_coal_australia,196.83
2025-11-07,iron_ore_62fe,103.32
2025-11-07,rebar_turkey_fob,550.0
2025-11-07,rebar_uae_exworks,2372.5
2025-11-07,scrap_hms12_turkey,355.5
2025-11-08,billet_cis_fob,433.0
2025-11-08,billet_gcc_cfr,447.5
2025-11-08,billet_saudi_exworks,473.3333333333333
2025-11-08,coke_lvliang_china,193.20000000000002
2025-11-08,coke_rizhao_china,219.8
2025-11-08,coking_coal_australia,196.83
2025-11-08,iron_ore_62fe,103.32
2025-11-08,rebar_turkey_fob,550.0
2025-11-08,rebar_uae_exworks,2372.5
2025-11-08,scrap_hms12_turkey,355.5
2025-11-09,billet_cis_fob,433.0
2025-11-09,billet_gcc_cfr,447.5
2025-11-09,billet_saudi_exworks,473.3333333333333
2025-11-09,coke_lvliang_china,193.20000000000002
2025-11-09,coke_rizhao_china,219.8
2025-11-09,coking_coal_australia,196.83
2025-11-09,iron_ore_62fe,103.32
2025-11-09,rebar_turkey_fob,550.0
2025-11-09,rebar_uae_exworks,2372.5
2025-11-09,scrap_hms12_turkey,355.5
2025-11-10,billet_cis_fob,433.0
2025-11-10,billet_gcc_cfr,447.5
2025-11-10,billet_saudi_exworks,473.3333333333333
2025-11-10,coke_lvliang_china,193.20000000000002
2025-11-10,coke_rizhao_china,219.8
2025-11-10,coking_coal_australia,196.83
2025-11-10,iron_ore_62fe,103.92
2025-11-10,rebar_turkey_fob,550.0
2025-11-10,rebar_uae_exworks,2372.5
2025-11-10,scrap_hms12_turkey,355.5
2025-11-11,billet_cis_fob,433.0
2025-11-11,billet_gcc_cfr,447.5
2025-11-11,billet_saudi_exworks,473.3333333333333
2025-11-11,coke_lvliang_china,193.20000000000002
2025-11-11,coke_rizhao_china,219.8
2025-11-11,coking_coal_australia,196.83
2025-11-11,iron_ore_62fe,102.77
2025-11-11,rebar_turkey_fob,550.0
2025-11-11,rebar_uae_exworks,2372.5
2025-11-11,scrap_hms12_turkey,355.5
2025-11-12,billet_cis_fob,433.0
2025-11-12,billet_gcc_cfr,447.5
2025-11-12,billet_saudi_exworks,473.3333333333333
2025-11-12,coke_lvliang_china,193.20000000000002
2025-11-12,coke_rizhao_china,219.8
2025-11-12,coking_coal_australia,196.83
2025-11-12,iron_ore_62fe,103.08
2025-11-12,rebar_turkey_fob,550.0
2025-11-12,rebar_uae_exworks,2372.5
2025-11-12,scrap_hms12_turkey,355.5
2025-11-13,billet_cis_fob,433.0
2025-11-13,billet_gcc_cfr,447.5
2025-11-13,billet_saudi_exworks,473.3333333333333
2025-11-13,coke_lvliang_china,193.20000000000002
2025-11-13,coke_rizhao_china,219.8
2025-11-13,coking_coal_australia,196.83
2025-11-13,iron_ore_62fe,103.16
2025-11-13,rebar_turkey_fob,550.0
2025-11-13,rebar_uae_exworks,2372.5
2025-11-13,scrap_hms12_turkey,355.5
2025-11-14,billet_cis_fob,433.0
2025-11-14,billet_gcc_cfr,447.0
2025-11-14,billet_saudi_exworks,477.3333333333333
2025-11-14,coke_lvliang_china,200.20000000000002
2025-11-14,coke_rizhao_china,214.20000000000002
2025-11-14,coking_coal_australia,196.63
2025-11-14,iron_ore_62fe,103.19
2025-11-14,rebar_turkey_fob,550.0
2025-11-14,rebar_uae_exworks,2372.5
2025-11-14,scrap_hms12_turkey,354.0
2025-11-15,billet_cis_fob,433.0
2025-11-15,billet_gcc_cfr,447.0
2025-11-15,billet_saudi_exworks,477.3333333333333
2025-11-15,coke_lvliang_china,200.20000000000002
2025-11-15,coke_rizhao_china,214.20000000000002
2025-11-15,coking_coal_australia,196.63
2025-11-15,iron_ore_62fe,103.19
2025-11-15,rebar_turkey_fob,550.0
2025-11-15,rebar_uae_exworks,2372.5
2025-11-15,scrap_hms12_turkey,354.0
2025-11-16,billet_cis_fob,433.0
2025-11-16,billet_gcc_cfr,447.0
2025-11-16,billet_saudi_exworks,477.3333333333333
2025-11-16,coke_lvliang_china,200.20000000000002
2025-11-16,coke_rizhao_china,214.20000000000002
2025-11-16,coking_coal_australia,196.63
2025-11-16,iron_ore_62fe,103.19
2025-11-16,rebar_turkey_fob,550.0
2025-11-16,rebar_uae_exworks,2372.5
2025-11-16,scrap_hms12_turkey,354.0
2025-11-17,billet_cis_fob,433.0
2025-11-17,billet_gcc_cfr,447.0
2025-11-17,billet_saudi_exworks,477.3333333333333
2025-11-17,coke_lvliang_china,200.20000000000002
2025-11-17,coke_rizhao_china,214.20000000000002
2025-11-17,coking_coal_australia,196.63
2025-11-17,iron_ore_62fe,103.92
2025-11-17,rebar_turkey_fob,550.0
2025-11-17,rebar_uae_exworks,2372.5
2025-11-17,scrap_hms12_turkey,354.0
2025-11-18,billet_cis_fob,433.0
2025-11-18,billet_gcc_cfr,447.0
2025-11-18,billet_saudi_exworks,477.3333333333333
2025-11-18,coke_lvliang_china,200.20000000000002
2025-11-18,coke_rizhao_china,214.20000000000002
2025-11-18,coking_coal_australia,196.63
2025-11-18,iron_ore_62fe,104.04
2025-11-18,rebar_turkey_fob,552.5
2025-11-18,rebar_uae_exworks,2372.5
2025-11-18,scrap_hms12_turkey,355.5
2025-11-19,billet_cis_fob,433.0
2025-11-19,billet_gcc_cfr,447.0
2025-11-19,billet_saudi_exworks,477.3333333333333
2025-11-19,coke_lvliang_china,200.20000000000002
2025-11-19,coke_rizhao_china,214.20000000000002
2025-11-19,coking_coal_australia,196.63
2025-11-19,iron_ore_62fe,104.94
2025-11-19,rebar_turkey_fob,552.5
2025-11-19,rebar_uae_exworks,2372.5
2025-11-19,scrap_hms12_turkey,355.5
2025-11-20,billet_cis_fob,433.0
2025-11-20,billet_gcc_cfr,447.0
2025-11-20,billet_saudi_exworks,477.3333333333333
2025-11-20,coke_lvliang_china,200.20000000000002
2025-11-20,coke_rizhao_china,214.20000000000002
2025-11-20,coking_coal_australia,196.63
2025-11-20,iron_ore_62fe,104.8
2025-11-20,rebar_turkey_fob,555.0
2025-11-20,rebar_uae_exworks,2372.5
2025-11-20,scrap_hms12_turkey,355.5
2025-11-21,billet_cis_fob,434.0
2025-11-21,billet_gcc_cfr,462.5
2025-11-21,billet_saudi_exworks,481.3333333333333
2025-11-21,coke_lvliang_china,200.20000000000002
2025-11-21,coke_rizhao_china,207.20000000000002
2025-11-21,coking_coal_australia,201.06
2025-11-21,iron_ore_62fe,104.21
2025-11-21,rebar_turkey_fob,555.0
2025-11-21,rebar_uae_exworks,2372.5
2025-11-21,scrap_hms12_turkey,360.5
2025-11-22,billet_cis_fob,434.0
2025-11-22,billet_gcc_cfr,462.5
2025-11-22,billet_saudi_exworks,481.3333333333333
2025-11-22,coke_lvliang_china,200.20000000000002
2025-11-22,coke_rizhao_china,207.20000000000002
2025-11-22,coking_coal_australia,201.06
2025-11-22,iron_ore_62fe,104.21
2025-11-22,rebar_turkey_fob,555.0
2025-11-22,rebar_uae_exworks,2372.5
2025-11-22,scrap_hms12_turkey,360.5
2025-11-23,billet_cis_fob,434.0
2025-11-23,billet_gcc_cfr,462.5
2025-11-23,billet_saudi_exworks,481.3333333333333
2025-11-23,coke_lvliang_china,200.20000000000002
2025-11-23,coke_rizhao_china,207.20000000000002
2025-11-23,coking_coal_australia,201.06
2025-11-23,iron_ore_62fe,104.21
2025-11-23,rebar_turkey_fob,555.0
2025-11-23,rebar_uae_exworks,2372.5
2025-11-23,scrap_hms12_turkey,360.5
2025-11-24,billet_cis_fob,434.0
2025-11-24,billet_gcc_cfr,462.5
2025-11-24,billet_saudi_exworks,481.3333333333333
2025-11-24,coke_lvliang_china,200.20000000000002
2025-11-24,coke_rizhao_china,207.20000000000002
2025-11-24,coking_coal_australia,201.06
2025-11-24,iron_ore_62fe,104.4
2025-11-24,rebar_turkey_fob,560.0
2025-11-24,rebar_uae_exworks,2372.5
2025-11-24,scrap_hms12_turkey,360.5
2025-11-25,billet_cis_fob,434.0
2025-11-25,billet_gcc_cfr,462.5
2025-11-25,billet_saudi_exworks,481.3333333333333
2025-11-25,coke_lvliang_china,200.20000000000002
2025-11-25,coke_rizhao_china,207.20000000000002
2025-11-25,coking_coal_australia,201.06
2025-11-25,iron_ore_62fe,106.13
2025-11-25,rebar_turkey_fob,560.0
2025-11-25,rebar_uae_exworks,2372.5
2025-11-25,scrap_hms12_turkey,360.5
2025-11-26,billet_cis_fob,434.0
2025-11-26,billet_gcc_cfr,462.5
2025-11-26,billet_saudi_exworks,481.3333333333333
2025-11-26,coke_lvliang_china,200.20000000000002
2025-11-26,coke_rizhao_china,207.20000000000002
2025-11-26,coking_coal_australia,201.06
2025-11-26,iron_ore_62fe,106.13
2025-11-26,rebar_turkey_fob,562.5
2025-11-26,rebar_uae_exworks,2372.5
2025-11-26,scrap_hms12_turkey,362.0
2025-11-27,billet_cis_fob,434.0
2025-11-27,billet_gcc_cfr,462.5
2025-11-27,billet_saudi_exworks,481.3333333333333
2025-11-27,coke_lvliang_china,200.20000000000002
2025-11-27,coke_rizhao_china,207.20000000000002
2025-11-27,coking_coal_australia,201.06
2025-11-27,iron_ore_62fe,106.1
2025-11-27,rebar_turkey_fob,563.5
2025-11-27,rebar_uae_exworks,2372.5
2025-11-27,scrap_hms12_turkey,362.0
2025-11-28,billet_cis_fob,437.0
2025-11-28,billet_gcc_cfr,446.5
2025-11-28,billet_saudi_exworks,481.3333333333333
2025-11-28,coke_lvliang_china,203.00000000000003
2025-11-28,coke_rizhao_china,200.20000000000002
2025-11-28,coking_coal_australia,201.46
2025-11-28,iron_ore_62fe,105.74
2025-11-28,rebar_turkey_fob,565.0
2025-11-28,rebar_uae_exworks,2422.5
2025-11-28,scrap_hms12_turkey,363.5
2025-11-29,billet_cis_fob,437.0
2025-11-29,billet_gcc_cfr,446.5
2025-11-29,billet_saudi_exworks,481.3333333333333
2025-11-29,coke_lvliang_china,203.00000000000003
2025-11-29,coke_rizhao_china,200.20000000000002
2025-11-29,coking_coal_australia,201.46
2025-11-29,iron_ore_62fe,105.74
2025-11-29,rebar_turkey_fob,565.0
2025-11-29,rebar_uae_exworks,2422.5
2025-11-29,scrap_hms12_turkey,363.5
2025-11-30,billet_cis_fob,437.0
2025-11-30,billet_gcc_cfr,446.5
2025-11-30,billet_saudi_exworks,481.3333333333333
2025-11-30,coke_lvliang_china,203.00000000000003
2025-11-30,coke_rizhao_china,200.20000000000002
2025-11-30,coking_coal_australia,201.46
2025-11-30,iron_ore_62fe,105.74
2025-11-30,rebar_turkey_fob,565.0
2025-11-30,rebar_uae_exworks,2422.5
2025-11-30,scrap_hms12_turkey,363.5
2025-12-01,billet_cis_fob,437.0
2025-12-01,billet_gcc_cfr,446.5
2025-12-01,billet_saudi_exworks,481.3333333333333
2025-12-01,coke_lvliang_china,203.00000000000003
2025-12-01,coke_rizhao_china,200.20000000000002
2025-12-01,coking_coal_australia,201.46
2025-12-01,iron_ore_62fe,107.77
2025-12-01,rebar_turkey_fob,570.0
2025-12-01,rebar_uae_exworks,2422.5
2025-12-01,scrap_hms12_turkey,365.0
2025-12-02,billet_cis_fob,437.0
2025-12-02,billet_gcc_cfr,446.5
2025-12-02,billet_saudi_exworks,481.3333333333333
2025-12-02,coke_lvliang_china,203.00000000000003
2025-12-02,coke_rizhao_china,200.20000000000002
2025-12-02,coking_coal_australia,201.46
2025-12-02,iron_ore_62fe,108.27
2025-12-02,rebar_turkey_fob,570.0
2025-12-02,rebar_uae_exworks,2422.5
2025-12-02,scrap_hms12_turkey,365.5
2025-12-03,billet_cis_fob,437.0
2025-12-03,billet_gcc_cfr,446.5
2025-12-03,billet_saudi_exworks,481.3333333333333
2025-12-03,coke_lvliang_china,203.00000000000003
2025-12-03,coke_rizhao_china,200.20000000000002
2025-12-03,coking_coal_australia,201.46
2025-12-03,iron_ore_62fe,108.62
2025-12-03,rebar_turkey_fob,570.0
2025-12-03,rebar_uae_exworks,2422.5
2025-12-03,scrap_hms12_turkey,367.0
2025-12-04,billet_cis_fob,437.0
2025-12-04,billet_gcc_cfr,446.5
2025-12-04,billet_saudi_exworks,481.3333333333333
2025-12-04,coke_lvliang_china,203.00000000000003
2025-12-04,coke_rizhao_china,200.20000000000002
2025-12-04,coking_coal_australia,201.46
2025-12-04,iron_ore_62fe,108.51
2025-12-04,rebar_turkey_fob,570.0
2025-12-04,rebar_uae_exworks,2422.5
2025-12-04,scrap_hms12_turkey,368.5
2025-12-05,billet_cis_fob,437.0
2025-12-05,billet_gcc_cfr,452.5
2025-12-05,billet_saudi_exworks,486.6666666666667
2025-12-05,coke_lvliang_china,193.20000000000002
2025-12-05,coke_rizhao_china,203.00000000000003
2025-12-05,coking_coal_australia,204.51
2025-12-05,iron_ore_62fe,107.59
2025-12-05,rebar_turkey_fob,570.0
2025-12-05,rebar_uae_exworks,2422.5
2025-12-05,scrap_hms12_turkey,369.5
2025-12-06,billet_cis_fob,437.0
2025-12-06,billet_gcc_cfr,452.5
2025-12-06,billet_saudi_exworks,486.6666666666667
2025-12-06,coke_lvliang_china,193.20000000000002
2025-12-06,coke_rizhao_china,203.00000000000003
2025-12-06,coking_coal_australia,204.51
2025-12-06,iron_ore_62fe,107.59
2025-12-06,rebar_turkey_fob,570.0
2025-12-06,rebar_uae_exworks,2422.5
2025-12-06,scrap_hms12_turkey,369.5
2025-12-07,billet_cis_fob,437.0
2025-12-07,billet_gcc_cfr,452.5
2025-12-07,billet_saudi_exworks,486.6666666666667
2025-12-07,coke_lvliang_china,193.20000000000002
2025-12-07,coke_rizhao_china,203.00000000000003
2025-12-07,coking_coal_australia,204.51
2025-12-07,iron_ore_62fe,107.59
2025-12-07,rebar_turkey_fob,570.0
2025-12-07,rebar_uae_exworks,2422.5
2025-12-07,scrap_hms12_turkey,369.5
2025-12-08,billet_cis_fob,437.0
2025-12-08,billet_gcc_cfr,452.5
2025-12-08,billet_saudi_exworks,486.6666666666667
2025-12-08,coke_lvliang_china,193.20000000000002
2025-12-08,coke_rizhao_china,203.00000000000003
2025-12-08,coking_coal_australia,204.51
2025-12-08,iron_ore_62fe,106.42
2025-12-08,rebar_turkey_fob,570.0
2025-12-08,rebar_uae_exworks,2422.5
2025-12-08,scrap_hms12_turkey,369.5
2025-12-09,billet_cis_fob,437.0
2025-12-09,billet_gcc_cfr,452.5
2025-12-09,billet_saudi_exworks,486.6666666666667
2025-12-09,coke_lvliang_china,193.20000000000002
2025-12-09,coke_rizhao_china,203.00000000000003
2025-12-09,coking_coal_australia,204.51
2025-12-09,iron_ore_62fe,106.18
2025-12-09,rebar_turkey_fob,567.5
2025-12-09,rebar_uae_exworks,2422.5
2025-12-09,scrap_hms12_turkey,369.5
2025-12-10,billet_cis_fob,437.0
2025-12-10,billet_gcc_cfr,452.5
2025-12-10,billet_saudi_exworks,486.6666666666667
2025-12-10,coke_lvliang_china,193.20000000000002
2025-12-10,coke_rizhao_china,203.00000000000003
2025-12-10,coking_coal_australia,204.51
2025-12-10,iron_ore_62fe,106.53
2025-12-10,rebar_turkey_fob,567.5
2025-12-10,rebar_uae_exworks,2422.5
2025-12-10,scrap_hms12_turkey,369.0
2025-12-11,billet_cis_fob,437.0
2025-12-11,billet_gcc_cfr,452.5
2025-12-11,billet_saudi_exworks,486.6666666666667
2025-12-11,coke_lvliang_china,193.20000000000002
2025-12-11,coke_rizhao_china,203.00000000000003
2025-12-11,coking_coal_australia,204.51
2025-12-11,iron_ore_62fe,105.9
2025-12-11,rebar_turkey_fob,567.5
2025-12-11,rebar_uae_exworks,2422.5
2025-12-11,scrap_hms12_turkey,368.5
2025-12-12,billet_cis_fob,440.5
2025-12-12,billet_gcc_cfr,449.0
2025-12-12,billet_saudi_exworks,486.6666666666667
2025-12-12,coke_lvliang_china,186.20000000000002
2025-12-12,coke_rizhao_china,201.60000000000002
2025-12-12,coking_coal_australia,209.84
2025-12-12,iron_ore_62fe,105.98
2025-12-12,rebar_turkey_fob,567.5
2025-12-12,rebar_uae_exworks,2422.5
2025-12-12,scrap_hms12_turkey,367.5
2025-12-13,billet_cis_fob,440.5
2025-12-13,billet_gcc_cfr,449.0
2025-12-13,billet_saudi_exworks,486.6666666666667
2025-12-13,coke_lvliang_china,186.20000000000002
2025-12-13,coke_rizhao_china,201.60000000000002
2025-12-13,coking_coal_australia,209.84
2025-12-13,iron_ore_62fe,105.98
2025-12-13,rebar_turkey_fob,567.5
2025-12-13,rebar_uae_exworks,2422.5
2025-12-13,scrap_hms12_turkey,367.5
2025-12-14,billet_cis_fob,440.5
2025-12-14,billet_gcc_cfr,449.0
2025-12-14,billet_saudi_exworks,486.6666666666667
2025-12-14,coke_lvliang_china,186.20000000000002
2025-12-14,coke_rizhao_china,201.60000000000002
2025-12-14,coking_coal_australia,209.84
2025-12-14,iron_ore_62fe,105.98
2025-12-14,rebar_turkey_fob,567.5
2025-12-14,rebar_uae_exworks,2422.5
2025-12-14,scrap_hms12_turkey,367.5
2025-12-15,billet_cis_fob,440.5
2025-12-15,billet_gcc_cfr,449.0
2025-12-15,billet_saudi_exworks,486.6666666666667
2025-12-15,coke_lvliang_china,186.20000000000002
2025-12-15,coke_rizhao_china,201.60000000000002
2025-12-15,coking_coal_australia,209.84
2025-12-15,iron_ore_62fe,105.83
2025-12-15,rebar_turkey_fob,562.5
2025-12-15,rebar_uae_exworks,2422.5
2025-12-15,scrap_hms12_turkey,367.5
2025-12-16,billet_cis_fob,440.5
2025-12-16,billet_gcc_cfr,449.0
2025-12-16,billet_saudi_exworks,486.6666666666667
2025-12-16,coke_lvliang_china,186.20000000000002
2025-12-16,coke_rizhao_china,201.60000000000002
2025-12-16,coking_coal_australia,209.84
2025-12-16,iron_ore_62fe,106.0
2025-12-16,rebar_turkey_fob,562.5
2025-12-16,rebar_uae_exworks,2422.5
2025-12-16,scrap_hms12_turkey,366.0
2025-12-17,billet_cis_fob,440.5
2025-12-17,billet_gcc_cfr,449.0
2025-12-17,billet_saudi_exworks,486.6666666666667
2025-12-17,coke_lvliang_china,186.20000000000002
2025-12-17,coke_rizhao_china,201.60000000000002
2025-12-17,coking_coal_australia,209.84
2025-12-17,iron_ore_62fe,106.28
2025-12-17,rebar_turkey_fob,562.5
2025-12-17,rebar_uae_exworks,2422.5
2025-12-17,scrap_hms12_turkey,365.5
2025-12-18,billet_cis_fob,440.5
2025-12-18,billet_gcc_cfr,449.0
2025-12-18,billet_saudi_exworks,486.6666666666667
2025-12-18,coke_lvliang_china,186.20000000000002
2025-12-18,coke_rizhao_china,201.60000000000002
2025-12-18,coking_coal_australia,209.84
2025-12-18,iron_ore_62fe,108.02
2025-12-18,rebar_turkey_fob,562.5
2025-12-18,rebar_uae_exworks,2422.5
2025-12-18,scrap_hms12_turkey,365.5
2025-12-19,billet_cis_fob,440.5
2025-12-19,billet_gcc_cfr,442.5
2025-12-19,billet_saudi_exworks,484.0
2025-12-19,coke_lvliang_china,186.20000000000002
2025-12-19,coke_rizhao_china,207.20000000000002
2025-12-19,coking_coal_australia,215.73
2025-12-19,iron_ore_62fe,107.83
2025-12-19,rebar_turkey_fob,562.5
2025-12-19,rebar_uae_exworks,2422.5
2025-12-19,scrap_hms12_turkey,368.5
2025-12-20,billet_cis_fob,440.5
2025-12-20,billet_gcc_cfr,442.5
2025-12-20,billet_saudi_exworks,484.0
2025-12-20,coke_lvliang_china,186.20000000000002
2025-12-20,coke_rizhao_china,207.20000000000002
2025-12-20,coking_coal_australia,215.73
2025-12-20,iron_ore_62fe,107.83
2025-12-20,rebar_turkey_fob,562.5
2025-12-20,rebar_uae_exworks,2422.5
2025-12-20,scrap_hms12_turkey,368.5
2025-12-21,billet_cis_fob,440.5
2025-12-21,billet_gcc_cfr,442.5
2025-12-21,billet_saudi_exworks,484.0
2025-12-21,coke_lvliang_china,186.20000000000002
2025-12-21,coke_rizhao_china,207.20000000000002
2025-12-21,coking_coal_australia,215.73
2025-12-21,iron_ore_62fe,107.83
2025-12-21,rebar_turkey_fob,562.5
2025-12-21,rebar_uae_exworks,2422.5
2025-12-21,scrap_hms12_turkey,368.5
2025-12-22,billet_cis_fob,440.5
2025-12-22,billet_gcc_cfr,442.5
2025-12-22,billet_saudi_exworks,484.0
2025-12-22,coke_lvliang_china,186.20000000000002
2025-12-22,coke_rizhao_china,207.20000000000002
2025-12-22,coking_coal_australia,215.73
2025-12-22,iron_ore_62fe,107.62
2025-12-22,rebar_turkey_fob,562.5
2025-12-22,rebar_uae_exworks,2422.5
2025-12-22,scrap_hms12_turkey,369.5
2025-12-23,billet_cis_fob,440.5
2025-12-23,billet_gcc_cfr,442.5
2025-12-23,billet_saudi_exworks,484.0
2025-12-23,coke_lvliang_china,186.20000000000002
2025-12-23,coke_rizhao_china,207.20000000000002
2025-12-23,coking_coal_australia,215.73
2025-12-23,iron_ore_62fe,107.32
2025-12-23,rebar_turkey_fob,562.5
2025-12-23,rebar_uae_exworks,2422.5
2025-12-23,scrap_hms12_turkey,369.5
2025-12-24,billet_cis_fob,440.5
2025-12-24,billet_gcc_cfr,442.5
2025-12-24,billet_saudi_exworks,484.0
2025-12-24,coke_lvliang_china,186.20000000000002
2025-12-24,coke_rizhao_china,207.20000000000002
2025-12-24,coking_coal_australia,215.73
2025-12-24,iron_ore_62fe,106.94
2025-12-24,rebar_turkey_fob,562.5
2025-12-24,rebar_uae_exworks,2422.5
2025-12-24,scrap_hms12_turkey,367.5
2025-12-25,billet_cis_fob,440.5
2025-12-25,billet_gcc_cfr,442.5
2025-12-25,billet_saudi_exworks,484.0
2025-12-25,coke_lvliang_china,186.20000000000002
2025-12-25,coke_rizhao_china,207.20000000000002
2025-12-25,coking_coal_australia,215.73
2025-12-25,iron_ore_62fe,106.63
2025-12-25,rebar_turkey_fob,562.5
2025-12-25,rebar_uae_exworks,2422.5
2025-12-25,scrap_hms12_turkey,368.5
2025-12-26,billet_cis_fob,438.0
2025-12-26,billet_gcc_cfr,442.5
2025-12-26,billet_saudi_exworks,482.6666666666667
2025-12-26,coke_lvliang_china,179.20000000000002
2025-12-26,coke_rizhao_china,204.4
2025-12-26,coking_coal_australia,216.99
2025-12-26,iron_ore_62fe,106.79
2025-12-26,rebar_turkey_fob,560.0
2025-12-26,rebar_uae_exworks,2422.5
2025-12-26,scrap_hms12_turkey,368.5
2025-12-27,billet_cis_fob,438.0
2025-12-27,billet_gcc_cfr,442.5
2025-12-27,billet_saudi_exworks,482.6666666666667
2025-12-27,coke_lvliang_china,179.20000000000002
2025-12-27,coke_rizhao_china,204.4
2025-12-27,coking_coal_australia,216.99
2025-12-27,iron_ore_62fe,106.79
2025-12-27,rebar_turkey_fob,560.0
2025-12-27,rebar_uae_exworks,2422.5
2025-12-27,scrap_hms12_turkey,368.5
2025-12-28,billet_cis_fob,438.0
2025-12-28,billet_gcc_cfr,442.5
2025-12-28,billet_saudi_exworks,482.6666666666667
2025-12-28,coke_lvliang_china,179.20000000000002
2025-12-28,coke_rizhao_china,204.4
2025-12-28,coking_coal_australia,216.99
2025-12-28,iron_ore_62fe,106.79
2025-12-28,rebar_turkey_fob,560.0
2025-12-28,rebar_uae_exworks,2422.5
2025-12-28,scrap_hms12_turkey,368.5
2025-12-29,billet_cis_fob,438.0
2025-12-29,billet_gcc_cfr,442.5
2025-12-29,billet_saudi_exworks,482.6666666666667
2025-12-29,coke_lvliang_china,179.20000000000002
2025-12-29,coke_rizhao_china,204.4
2025-12-29,coking_coal_australia,216.99
2025-12-29,iron_ore_62fe,107.26
2025-12-29,rebar_turkey_fob,560.0
2025-12-29,rebar_uae_exworks,2422.5
2025-12-29,scrap_hms12_turkey,368.5
2025-12-30,billet_cis_fob,438.0
2025-12-30,billet_gcc_cfr,442.5
2025-12-30,billet_saudi_exworks,482.6666666666667
2025-12-30,coke_lvliang_china,179.20000000000002
2025-12-30,coke_rizhao_china,204.4
2025-12-30,coking_coal_australia,216.99
2025-12-30,iron_ore_62fe,107.12
2025-12-30,rebar_turkey_fob,560.0
2025-12-30,rebar_uae_exworks,2422.5
2025-12-30,scrap_hms12_turkey,368.5
2025-12-31,billet_cis_fob,438.0
2025-12-31,billet_gcc_cfr,442.5
2025-12-31,billet_saudi_exworks,482.6666666666667
2025-12-31,coke_lvliang_china,179.20000000000002
2025-12-31,coke_rizhao_china,204.4
2025-12-31,coking_coal_australia,216.99
2025-12-31,iron_ore_62fe,106.83
2025-12-31,rebar_turkey_fob,560.0
2025-12-31,rebar_uae_exworks,2422.5
2025-12-31,scrap_hms12_turkey,368.5
2026-01-01,billet_cis_fob,438.0
2026-01-01,billet_gcc_cfr,442.5
2026-01-01,billet_saudi_exworks,482.6666666666667
2026-01-01,coke_lvliang_china,179.20000000000002
2026-01-01,coke_rizhao_china,204.4
2026-01-01,coking_coal_australia,216.99
2026-01-01,rebar_turkey_fob,560.0
2026-01-01,rebar_uae_exworks,2422.5
2026-01-02,billet_cis_fob,438.0
2026-01-02,billet_gcc_cfr,451.5
2026-01-02,billet_saudi_exworks,482.6666666666667
2026-01-02,coke_lvliang_china,179.20000000000002
2026-01-02,coke_rizhao_china,204.4
2026-01-02,coking_coal_australia,216.99
2026-01-02,rebar_turkey_fob,560.0
2026-01-02,rebar_uae_exworks,2422.5
2026-01-03,billet_cis_fob,438.0
2026-01-03,billet_gcc_cfr,451.5
2026-01-03,billet_saudi_exworks,482.6666666666667
2026-01-03,coke_lvliang_china,179.20000000000002
2026-01-03,coke_rizhao_china,204.4
2026-01-03,coking_coal_australia,216.99
2026-01-03,rebar_turkey_fob,560.0
2026-01-03,rebar_uae_exworks,2422.5
2026-01-04,billet_cis_fob,438.0
2026-01-04,billet_gcc_cfr,451.5
2026-01-04,billet_saudi_exworks,482.6666666666667
2026-01-04,coke_lvliang_china,179.20000000000002
2026-01-04,coke_rizhao_china,204.4
2026-01-04,coking_coal_australia,216.99
2026-01-04,rebar_turkey_fob,560.0
2026-01-04,rebar_uae_exworks,2422.5
2026-01-05,billet_cis_fob,438.0
2026-01-05,billet_gcc_cfr,451.5
2026-01-05,billet_saudi_exworks,482.6666666666667
2026-01-05,coke_lvliang_china,179.20000000000002
2026-01-05,coke_rizhao_china,204.4
2026-01-05,coking_coal_australia,216.99
2026-01-05,rebar_turkey_fob,560.0
2026-01-05,rebar_uae_exworks,2422.5
2026-01-06,billet_cis_fob,438.0
2026-01-06,billet_gcc_cfr,451.5
2026-01-06,billet_saudi_exworks,482.6666666666667
2026-01-06,coke_lvliang_china,179.20000000000002
2026-01-06,coke_rizhao_china,204.4
2026-01-06,coking_coal_australia,216.99
2026-01-06,rebar_turkey_fob,560.0
2026-01-06,rebar_uae_exworks,2422.5
2026-01-07,billet_cis_fob,438.0
2026-01-07,billet_gcc_cfr,451.5
2026-01-07,billet_saudi_exworks,482.6666666666667
2026-01-07,coke_lvliang_china,179.20000000000002
2026-01-07,coke_rizhao_china,204.4
2026-01-07,coking_coal_australia,216.99
2026-01-07,rebar_turkey_fob,560.0
2026-01-07,rebar_uae_exworks,2422.5
2026-01-08,billet_cis_fob,438.0
2026-01-08,billet_gcc_cfr,451.5
2026-01-08,billet_saudi_exworks,482.6666666666667
2026-01-08,coke_lvliang_china,179.20000000000002
2026-01-08,coke_rizhao_china,204.4
2026-01-08,coking_coal_australia,216.99
2026-01-08,rebar_turkey_fob,562.5
2026-01-08,rebar_uae_exworks,2422.5
2026-01-09,billet_cis_fob,438.0
2026-01-09,billet_gcc_cfr,453.5
2026-01-09,billet_saudi_exworks,496.0
2026-01-09,coke_lvliang_china,179.20000000000002
2026-01-09,coke_rizhao_china,204.4
2026-01-09,coking_coal_australia,216.99
2026-01-09,rebar_turkey_fob,562.5
2026-01-09,rebar_uae_exworks,2422.5
2026-01-10,billet_cis_fob,438.0
2026-01-10,billet_gcc_cfr,453.5
2026-01-10,billet_saudi_exworks,496.0
2026-01-10,coke_lvliang_china,179.20000000000002
2026-01-10,coke_rizhao_china,204.4
2026-01-10,coking_coal_australia,216.99
2026-01-10,rebar_turkey_fob,562.5
2026-01-10,rebar_uae_exworks,2422.5
2026-01-11,billet_cis_fob,438.0
2026-01-11,billet_gcc_cfr,453.5
2026-01-11,billet_saudi_exworks,496.0
2026-01-11,coke_lvliang_china,179.20000000000002
2026-01-11,coke_rizhao_china,204.4
2026-01-11,coking_coal_australia,216.99
2026-01-11,rebar_turkey_fob,562.5
2026-01-11,rebar_uae_exworks,2422.5
2026-01-12,billet_cis_fob,438.0
2026-01-12,billet_gcc_cfr,453.5
2026-01-12,billet_saudi_exworks,496.0
2026-01-12,coke_lvliang_china,179.20000000000002
2026-01-12,coke_rizhao_china,204.4
2026-01-12,coking_coal_australia,216.99
2026-01-12,rebar_turkey_fob,562.5
2026-01-12,rebar_uae_exworks,2422.5
2026-01-13,billet_cis_fob,438.0
2026-01-13,billet_gcc_cfr,453.5
2026-01-13,billet_saudi_exworks,496.0
2026-01-13,coke_lvliang_china,179.20000000000002
2026-01-13,coke_rizhao_china,204.4
2026-01-13,coking_coal_australia,216.99
2026-01-13,rebar_turkey_fob,564.0
2026-01-13,rebar_uae_exworks,2422.5
2026-01-14,billet_cis_fob,438.0
2026-01-14,billet_gcc_cfr,453.5
2026-01-14,billet_saudi_exworks,496.0
2026-01-14,coke_lvliang_china,179.20000000000002
2026-01-14,coke_rizhao_china,204.4
2026-01-14,coking_coal_australia,216.99
2026-01-14,rebar_turkey_fob,564.0
2026-01-14,rebar_uae_exworks,2422.5
2026-01-15,billet_cis_fob,438.0
2026-01-15,billet_gcc_cfr,453.5
2026-01-15,billet_saudi_exworks,496.0
2026-01-15,coke_lvliang_china,179.20000000000002
2026-01-15,coke_rizhao_china,204.4
2026-01-15,coking_coal_australia,216.99
2026-01-15,rebar_turkey_fob,564.0
2026-01-15,rebar_uae_exworks,2422.5
2026-01-16,billet_cis_fob,442.0
2026-01-16,billet_gcc_cfr,447.5
2026-01-16,billet_saudi_exworks,494.6666666666667
2026-01-16,coke_lvliang_china,179.20000000000002
2026-01-16,coke_rizhao_china,204.4
2026-01-16,coking_coal_australia,216.99
2026-01-16,rebar_turkey_fob,564.0
2026-01-16,rebar_uae_exworks,2422.5
2026-01-17,billet_cis_fob,442.0
2026-01-17,billet_gcc_cfr,447.5
2026-01-17,billet_saudi_exworks,494.6666666666667
2026-01-17,coke_lvliang_china,179.20000000000002
2026-01-17,coke_rizhao_china,204.4
2026-01-17,coking_coal_australia,216.99
2026-01-17,rebar_turkey_fob,564.0
2026-01-17,rebar_uae_exworks,2422.5
2026-01-18,billet_cis_fob,442.0
2026-01-18,billet_gcc_cfr,447.5
2026-01-18,billet_saudi_exworks,494.6666666666667
2026-01-18,coke_lvliang_china,179.20000000000002
2026-01-18,coke_rizhao_china,204.4
2026-01-18,coking_coal_australia,216.99
2026-01-18,rebar_turkey_fob,564.0
2026-01-18,rebar_uae_exworks,2422.5
2026-01-19,billet_cis_fob,442.0
2026-01-19,billet_gcc_cfr,447.5
2026-01-19,billet_saudi_exworks,494.6666666666667
2026-01-19,coke_lvliang_china,179.20000000000002
2026-01-19,coke_rizhao_china,204.4
2026-01-19,coking_coal_australia,216.99
2026-01-19,rebar_turkey_fob,562.5
2026-01-19,rebar_uae_exworks,2422.5
2026-01-20,billet_cis_fob,442.0
2026-01-20,billet_gcc_cfr,447.5
2026-01-20,billet_saudi_exworks,494.6666666666667
2026-01-20,coke_lvliang_china,179.20000000000002
2026-01-20,coke_rizhao_china,204.4
2026-01-20,coking_coal_australia,216.99
2026-01-20,rebar_turkey_fob,560.0
2026-01-20,rebar_uae_exworks,2422.5
